dtd,num_bookings,mean_net_ticket_price,inv
0,1,107.29,1
0,1,147.34,1
0,1,106.47,1
0,1,106.47,1
0,1,106.17,1
0,1,145.61,1
0,1,147.19,1
0,1,109.32,2
0,1,107.32,2
0,1,108.78,2
0,2,95.665,2
0,1,349.92,2
0,2,147.34,2
0,1,108.05,2
0,1,267.7,2
0,1,182.01,2
0,1,74.51,2
0,1,186.99,2
0,1,1238.41,2
0,1,148.64,2
0,1,149.07,3
0,1,108.05,3
0,2,73.57,3
0,1,107.29,3
0,2,267.7,3
0,1,136.51,3
0,2,108.67,3
0,1,578.26,3
0,2,109.72,3
0,1,2313.34,3
0,1,432.54,3
0,1,107.32,4
0,1,117.69,4
0,1,558,4
0,2,349.92,4
0,3,78.07,4
0,4,78.07,4
0,2,146.02,4
0,1,73.01,4
0,2,425.88,4
0,3,148.64,4
0,1,107.32,4
0,1,108.78,4
0,2,182.54,5
0,2,147.34,5
0,1,78.07,5
0,1,73.57,5
0,2,73.57,5
0,2,73.57,5
0,2,444.09,5
0,2,148.64,5
0,2,74.51,5
0,1,147.19,5
0,1,73.59,5
0,1,170,5
0,1,1250.38,5
0,1,378,5
0,1,78.07,6
0,2,415.59,6
0,1,108.67,6
0,1,550,6
0,1,112.19,6
0,1,74.51,7
0,1,107.32,7
0,1,78.98,7
0,1,74.51,7
0,2,74.51,7
0,1,74.51,7
0,2,410,7
0,1,108.78,7
0,2,108.78,7
0,1,188,7
0,1,255.17,7
0,1,78.98,8
0,1,147.34,8
0,1,847,8
0,1,78.07,8
0,3,108.05,8
0,4,78.07,8
0,1,73.57,8
0,1,269.75,8
0,6,73.01,8
0,2,73.01,8
0,1,74.51,8
0,2,73.59,8
0,4,118.3825,8
0,1,76.93,8
0,7,112.19,9
0,1,109.32,9
0,1,78.98,9
0,1,84.15,9
0,1,78.07,9
0,2,145.6,9
0,3,73.57,9
0,4,73.01,9
0,1,73.01,9
0,4,73.89,9
0,2,74.51,9
0,1,201.33,9
0,2,109.64,9
0,1,109.32,10
0,2,78.98,10
0,5,147.34,10
0,7,77.14,10
0,4,73.57,10
0,2,73.57,10
0,3,73.01,10
0,2,73.59,10
0,2,76.93,10
0,1,78.07,11
0,10,108.78,11
0,1,275,11
0,2,73.01,11
0,2,74.51,11
0,2,108.67,11
0,1,108.67,11
0,1,73.59,11
0,2,74.6,11
0,5,78.98,12
0,3,134.2433333,12
0,1,343.44,12
0,1,73.59,12
0,2,76.93,12
0,1,107.32,13
0,4,134.685,13
0,1,73.01,13
0,2,72.8,13
0,7,74.51,13
0,1,74.51,13
0,2,77.14,14
0,1,74.51,14
0,1,74.6,14
0,5,76.93,14
0,1,124.19,15
0,2,78.98,15
0,3,78.07,15
0,1,74.51,15
0,3,73.59,15
0,1,74.6,15
0,2,149.07,16
0,1,109.32,16
0,5,125.22,16
0,6,68.98166667,16
0,3,78.07,16
0,3,73.57,16
0,4,73.01,16
0,7,72.8,16
0,2,72.8,16
0,3,74.51,16
0,1,410,16
0,2,41.44,16
0,4,106.75,17
0,4,78.07,17
0,1,74.51,17
0,3,73.59,17
0,2,73.59,17
0,1,76.93,17
0,1,76.93,17
0,4,76.93,17
0,2,73.01,18
0,3,73.59,18
0,1,73.59,18
0,2,74.6,18
0,5,178.878,19
0,6,73.57,19
0,7,71.85,19
0,3,74.6,19
0,1,73.59,20
0,2,73.01,21
0,2,74.51,21
0,1,74.6,21
0,2,76.93,21
0,1,78.07,22
0,3,94.02666667,22
0,4,73.21,23
0,2,73.01,23
0,6,72.8,23
0,2,65.275,23
0,6,76.72333333,23
0,7,147.19,24
0,5,74.6,24
0,1,921.57,24
0,3,135.5333333,26
0,2,74.6,26
0,4,74.6,26
0,11,72.8,28
0,1,74.6,28
0,6,143.7333333,29
0,7,76.93,29
0,1,76.93,29
0,8,74.6,30
0,9,74.6,31
0,3,599.31,31
0,20,71.89,33
0,3,67.46,34
0,4,73.59,39
0,2,1176.85,40
0,2,74.6,42
0,1,74.6,43
0,1,74.51,46
0,10,71.751,56
0,2,74.6,56
1,1,345.87,1
1,1,856.77,1
1,1,155.1,1
1,1,830.85,1
1,1,616.77,1
1,1,341.78,1
1,1,153.27,1
1,1,176.64,1
1,1,267.7,1
1,1,276.82,1
1,1,101.58,1
1,1,149.03,1
1,1,7426.57,1
1,1,182.82,1
1,1,414.42,1
1,1,3051.16,1
1,1,836.4,1
1,1,256.44,1
1,1,112,1
1,1,106.9,1
1,1,508,1
1,1,642,1
1,1,267.7,1
1,1,170.66,1
1,1,461,1
1,1,7519.47,1
1,1,108,1
1,1,146.99,1
1,1,112.57,1
1,2,109.32,2
1,1,149.07,2
1,1,380,2
1,2,146.02,2
1,1,148.64,2
1,2,108.94,2
1,1,270,2
1,1,245.31,2
1,1,147.18,2
1,1,257.09,2
1,1,1024.42,2
1,2,1220.45,2
1,1,378,2
1,1,280,2
1,1,839.25,2
1,1,268.32,2
1,1,380,2
1,1,1369.6,2
1,2,245.23,2
1,1,106.47,2
1,1,203.5,2
1,1,72.8,2
1,1,803.78,2
1,1,108.76,2
1,2,616.9,3
1,3,78.07,3
1,2,78.07,3
1,3,108.05,3
1,3,108.05,3
1,1,73.57,3
1,2,146.02,3
1,1,267.7,3
1,2,267.7,3
1,1,72.8,3
1,3,135.9133333,3
1,1,107,3
1,3,981.1866667,3
1,1,245.31,3
1,1,378,3
1,2,149.19,3
1,1,793.44,3
1,2,528.75,3
1,1,111.92,3
1,2,378,3
1,1,350,3
1,2,134.83,3
1,3,344,3
1,2,108.05,3
1,2,409.16,3
1,1,73.57,3
1,1,72.8,3
1,1,1104.41,3
1,2,74.51,3
1,2,2130.21,3
1,1,286,3
1,1,110.12,3
1,1,999.87,3
1,2,129.66,4
1,4,72.3375,4
1,1,77.14,4
1,1,73.57,4
1,3,339.75,4
1,4,108.67,4
1,1,1061,4
1,1,109,4
1,1,78.07,4
1,2,170.745,4
1,1,702.31,4
1,1,108,4
1,1,545,4
1,2,2130.21,4
1,1,112,4
1,2,78.98,5
1,2,164.42,5
1,2,119.73,5
1,1,178.87,5
1,2,149.07,5
1,1,108.05,5
1,1,78.07,5
1,3,77.14,5
1,1,73.57,5
1,1,267.28,5
1,1,73.01,5
1,3,148.64,5
1,2,764.615,5
1,1,108,5
1,1,378,5
1,1,741.99,5
1,3,440.35,5
1,1,78.07,6
1,1,78.07,6
1,1,73.57,6
1,1,269.75,6
1,6,72.8,6
1,2,74.51,6
1,1,149.03,6
1,1,108.42,6
1,2,147.19,6
1,1,1029.01,6
1,3,537.6666667,6
1,4,74.0625,6
1,1,149.07,6
1,2,77.14,6
1,1,77.15,6
1,1,77.14,6
1,2,73.57,6
1,1,73.01,6
1,1,72.8,6
1,1,74.51,6
1,1,73.59,6
1,1,378,6
1,1,1165.4,6
1,2,378,6
1,2,78.98,7
1,1,321.88,7
1,3,78.07,7
1,2,68.35,7
1,3,73.57,7
1,1,146.02,7
1,2,74.16,7
1,3,197.2466667,7
1,3,109.32,7
1,1,78.98,7
1,1,78.07,7
1,1,147.34,7
1,1,78.07,7
1,3,78.07,7
1,1,78.07,7
1,2,145.6,7
1,1,73.01,7
1,1,72.8,7
1,1,74.51,7
1,2,378,7
1,4,78.07,8
1,3,78.07,8
1,2,77.14,8
1,4,77.14,8
1,1,72.8,8
1,1,824.22,8
1,1,410,8
1,3,150.01,8
1,4,109.32,8
1,2,78.98,8
1,2,129.195,8
1,1,78.98,8
1,2,147.34,8
1,6,146.47,8
1,8,139.20125,8
1,5,1920.244,8
1,3,78.98,9
1,1,78.98,9
1,4,109.32,9
1,1,70.79,9
1,1,72.8,9
1,2,74.51,9
1,3,74.51,9
1,2,154.735,9
1,6,235.19,9
1,5,141.12,9
1,1,108.05,9
1,1,78.07,9
1,3,108.05,9
1,1,78.07,9
1,2,73.01,9
1,8,68.25,9
1,3,74.51,9
1,2,73.59,9
1,1,690.96,9
1,2,78.07,10
1,4,147.34,10
1,2,77.14,10
1,4,98.09,10
1,2,73.57,10
1,1,73.01,10
1,1,781.37,10
1,2,74.6,10
1,2,74.6,10
1,2,287.94,10
1,3,136.86,10
1,1,78.07,10
1,6,74.51,10
1,3,74.51,10
1,1,122.66,10
1,1,73.59,10
1,1,410,10
1,1,448.78,10
1,1,76.93,10
1,1,1255.3,11
1,1,78.98,11
1,6,73.57,11
1,1,74.51,11
1,1,74.51,11
1,1,1069,11
1,2,380.835,11
1,3,76.93,11
1,2,76.93,11
1,1,76.93,11
1,2,109.32,11
1,1,356.21,11
1,1,72.8,11
1,1,378,11
1,3,373.1566667,11
1,4,73.59,11
1,5,378,11
1,1,109.32,12
1,1,72.8,12
1,3,139.8666667,12
1,3,74.51,12
1,1,73.59,12
1,5,101.964,12
1,3,286.72,12
1,4,77.14,12
1,1,77.14,12
1,3,73.01,12
1,3,73.01,12
1,1,73.01,12
1,3,74.51,12
1,2,74.51,12
1,3,74.51,12
1,2,74.51,12
1,1,73.59,12
1,2,147.34,13
1,8,73.57,13
1,1,348.11,13
1,1,140,13
1,2,76.93,13
1,1,78.98,13
1,3,72.42333333,13
1,2,78.98,13
1,3,78.67666667,13
1,2,78.07,13
1,2,73.57,13
1,7,73.57,13
1,7,73.57,13
1,6,73.01,13
1,3,446.84,13
1,2,74.51,13
1,3,74.51,13
1,2,74.6,13
1,5,76.93,13
1,2,147.34,14
1,7,78.07,14
1,7,62.4,14
1,2,74.51,14
1,4,341.345,14
1,3,51.10666667,14
1,5,69.912,14
1,6,76.93,14
1,2,76.93,14
1,6,191.5766667,14
1,2,78.98,14
1,3,134.2433333,14
1,4,72.8,14
1,2,74.51,14
1,3,52.49333333,14
1,5,74.6,14
1,3,76.93,14
1,2,72.8,15
1,2,73.59,15
1,8,74.6,15
1,5,73.01,15
1,1,74.51,15
1,2,73.59,15
1,2,630.42,15
1,4,74.51,16
1,4,74.51,16
1,7,76.93,16
1,1,76.93,16
1,3,73.01,16
1,4,74.51,16
1,1,74.6,16
1,2,336.955,16
1,2,102.575,16
1,4,73.57,17
1,2,148.64,17
1,1,73.59,17
1,3,74.6,17
1,2,72.8,17
1,2,72.8,17
1,2,72.8,17
1,3,73.59,17
1,2,165.59,17
1,4,78.98,18
1,3,73.57,18
1,1,73.01,18
1,2,74.51,18
1,2,777,18
1,2,98.125,19
1,3,78.07,19
1,5,73.01,19
1,2,403.75,19
1,1,73.59,19
1,6,142.7333333,19
1,4,500.01,19
1,2,153.675,19
1,2,128.22,19
1,3,76.93,19
1,3,233.5466667,19
1,1,559.06,20
1,6,72.8,20
1,7,73.59,20
1,3,74.6,20
1,3,74.6,20
1,1,70.93,21
1,1,74.6,21
1,5,74.6,21
1,3,94.02666667,21
1,4,112.13,21
1,1,73.01,21
1,1,73.59,21
1,1,73.59,21
1,1,74.6,21
1,3,74.6,21
1,6,76.93,21
1,2,74.51,22
1,1,74.6,22
1,2,74.6,22
1,1,74.6,22
1,2,76.93,22
1,1,74.6,22
1,2,74.6,22
1,2,74.6,22
1,1,73.59,23
1,1,74.6,23
1,1,453.05,23
1,1,76.93,23
1,2,201.37,24
1,9,76.93,24
1,2,76.93,24
1,1,148.64,24
1,2,592.92,24
1,4,74.6,25
1,4,65.275,25
1,8,73.36125,25
1,12,73.725,25
1,1,76.93,26
1,1,74.51,26
1,1,76.93,26
1,1,74.51,27
1,2,73.59,27
1,1,74.6,27
1,1,74.6,27
1,2,73.825,28
1,8,74.6,28
1,3,74.51,29
1,1,74.51,29
1,3,74.51,29
1,6,73.59,29
1,3,74.51,30
1,5,74.51,30
1,1,73.59,30
1,5,73.59,30
1,10,74.6,30
1,1,529,30
1,6,76.93,31
1,3,73.59,31
1,2,76.93,32
1,2,74.6,33
1,18,73.235,34
1,5,73.01,34
1,4,591.15,35
1,16,65.975,38
1,1,480.68,38
1,3,129.71,39
1,2,160,42
1,2,73.59,43
1,1,74.51,45
1,3,73.59,46
1,4,74.6,54
1,2,76.93,60
2,1,76.93,0
2,1,76.93,0
2,1,112.44,1
2,1,270,1
2,1,108,1
2,1,125.22,1
2,1,607,1
2,1,393.38,1
2,1,991.47,1
2,1,309,1
2,1,106.47,1
2,1,598.27,1
2,1,267.7,1
2,1,146.02,1
2,1,1789.5,1
2,1,843.69,1
2,1,437,1
2,1,410,1
2,1,378,1
2,1,410,1
2,1,410,1
2,1,113,1
2,1,460,1
2,1,7515.87,1
2,1,107.29,1
2,1,84.15,1
2,1,106.17,1
2,1,106.17,1
2,2,150.97,2
2,2,108.05,2
2,1,108.05,2
2,2,145.56,2
2,1,831,2
2,1,73.57,2
2,1,267.7,2
2,1,145.61,2
2,2,121.34,2
2,1,109,2
2,1,673.05,2
2,1,186,2
2,1,131.18,2
2,1,349.92,2
2,1,98.11,2
2,1,380,2
2,1,73.57,2
2,1,73.01,2
2,1,848.72,2
2,1,501.94,2
2,1,108.51,2
2,2,410,2
2,1,1317.85,2
2,1,378,2
2,1,378,2
2,1,266.23,3
2,1,1187.52,3
2,1,108.05,3
2,1,78.07,3
2,1,108.05,3
2,3,108.05,3
2,2,188.57,3
2,3,147.14,3
2,1,149.03,3
2,1,249.13,3
2,1,743.05,3
2,1,107.26,3
2,1,1027.33,3
2,2,109.32,3
2,2,78.07,3
2,1,77.14,3
2,1,73.57,3
2,3,391.32,3
2,2,410,3
2,1,1178.32,3
2,1,184,3
2,2,147.34,4
2,1,77.14,4
2,3,149.19,4
2,1,112.57,4
2,1,109.32,4
2,1,108.05,4
2,1,78.07,4
2,1,77.14,4
2,3,73.57,4
2,1,73.01,4
2,3,376.0033333,4
2,1,416.76,4
2,1,74.51,4
2,1,530.21,4
2,2,72.8,4
2,1,78.98,5
2,1,108,5
2,2,147.34,5
2,2,78.07,5
2,1,78.07,5
2,2,188.57,5
2,1,269.75,5
2,2,73.57,5
2,1,378,5
2,2,378,5
2,1,378,5
2,4,107.325,5
2,2,771.72,5
2,1,348.11,5
2,2,814.065,5
2,4,108.05,5
2,2,106.78,5
2,1,73.01,5
2,2,63.7,5
2,1,72.8,5
2,2,108.54,5
2,2,74.51,5
2,2,108.16,5
2,1,410,5
2,1,378,5
2,2,378,5
2,1,78.98,6
2,1,108.05,6
2,1,146.02,6
2,1,378,6
2,1,983.04,6
2,2,78.98,6
2,2,127.695,6
2,2,108.05,6
2,1,73.57,6
2,1,72.8,6
2,1,74.51,6
2,1,74.6,6
2,2,76.93,6
2,1,78.07,7
2,3,73.01,7
2,3,72.8,7
2,3,72.8,7
2,1,347.74,7
2,1,410,7
2,1,107.32,7
2,1,112,7
2,3,76.93,7
2,2,78.98,7
2,2,149.38,7
2,2,73.57,7
2,2,74.51,7
2,2,78.98,8
2,1,78.07,8
2,3,77.14,8
2,1,73.57,8
2,1,72.8,8
2,2,74.6,8
2,2,582.34,8
2,1,78.98,8
2,2,108.05,8
2,1,78.07,8
2,3,78.07,8
2,4,73.01,8
2,1,315.94,8
2,1,1721.17,8
2,1,76.93,8
2,1,73.01,9
2,2,72.8,9
2,2,74.51,9
2,5,386.368,9
2,6,73.725,9
2,1,76.93,9
2,1,78.98,9
2,4,102.4925,9
2,4,78.07,9
2,1,78.07,9
2,1,74.51,9
2,1,73.59,9
2,1,74.6,9
2,2,387,9
2,3,121.46,9
2,2,149.07,10
2,5,78.98,10
2,2,297.56,10
2,4,68.35,10
2,1,72.8,10
2,1,74.51,10
2,1,74.51,10
2,1,74.51,10
2,1,73.59,10
2,4,709.2625,10
2,4,69.145,10
2,1,78.98,10
2,1,78.98,10
2,4,72.3375,10
2,1,73.01,10
2,1,72.8,10
2,2,72.8,10
2,1,74.51,10
2,1,74.51,10
2,1,74.51,10
2,1,74.6,10
2,2,109.32,11
2,1,78.98,11
2,1,147.34,11
2,8,73.57,11
2,1,78.98,11
2,2,108.05,11
2,5,74.182,11
2,1,77.14,11
2,1,73.57,11
2,1,73.01,11
2,2,102.92,11
2,2,78.98,12
2,5,142.916,12
2,1,74.51,12
2,3,74.51,12
2,1,74.6,12
2,3,78.98,12
2,2,74.51,12
2,3,78.98,13
2,4,78.07,13
2,8,73.57,13
2,1,72.8,13
2,5,72.8,13
2,1,73.59,13
2,1,693.31,13
2,2,73.01,13
2,1,378,13
2,5,72.8,14
2,1,74.6,14
2,2,73.57,14
2,2,175.295,14
2,1,74.6,14
2,1,128.22,14
2,3,136.27,15
2,2,72.8,15
2,2,73.59,15
2,1,73.59,15
2,3,76.93,15
2,2,71.91,15
2,1,121.34,15
2,3,72.8,15
2,1,410,15
2,1,275,15
2,5,101.964,15
2,1,74.6,15
2,1,78.98,16
2,2,510.03,16
2,1,74.6,16
2,4,78.07,16
2,2,553.05,16
2,1,74.6,17
2,2,74.6,17
2,2,124.33,17
2,1,78.07,17
2,2,154.57,17
2,5,630.42,17
2,3,76.93,18
2,3,74.6,18
2,4,78.98,19
2,1,145.6,19
2,1,74.51,19
2,3,307.0166667,19
2,5,114.254,20
2,1,74.6,20
2,1,421.38,20
2,1,76.93,20
2,2,73.01,20
2,5,74.6,20
2,1,74.6,21
2,2,244.215,21
2,1,74.6,21
2,2,124.33,21
2,4,65.275,21
2,2,78.98,22
2,5,72.8,22
2,1,73.59,23
2,2,392.28,24
2,2,74.51,25
2,2,73.59,25
2,2,76.93,25
2,1,76.93,25
2,6,74.51,25
2,1,76.93,25
2,1,74.51,26
2,3,66.52666667,26
2,3,74.51,26
2,1,74.6,26
2,7,351.5614286,27
2,1,73.59,27
2,2,74.51,28
2,4,76.93,28
2,1,73.01,29
2,2,73.59,29
2,2,74.6,29
2,2,76.93,30
2,1,78.98,30
2,1,74.6,31
2,4,474.7125,31
2,1,73.01,34
2,2,76.93,36
2,4,68.9925,37
2,2,417.415,40
2,4,73.59,41
2,1,688.3,42
2,3,68.30333333,44
2,1,74.6,50
2,2,76.93,58
3,1,76.93,0
3,2,76.93,0
3,2,76.93,0
3,1,386.01,1
3,1,108.05,1
3,1,147.34,1
3,1,798.46,1
3,1,77.14,1
3,1,107.29,1
3,1,267.7,1
3,1,410,1
3,1,410,1
3,1,149.19,1
3,1,378,1
3,1,108.05,1
3,1,406.51,1
3,1,134.36,1
3,1,148.64,1
3,1,378,1
3,1,410,1
3,1,113,1
3,1,112,1
3,1,378,1
3,1,619.61,2
3,1,1221.41,2
3,1,78.07,2
3,1,146.02,2
3,1,147,2
3,1,759.8,2
3,2,378,2
3,1,1761.28,2
3,1,907.16,2
3,1,112,2
3,1,1366.96,2
3,1,483.69,2
3,1,170.01,2
3,1,372.96,2
3,1,77.14,2
3,1,146.02,2
3,1,410,2
3,1,378,2
3,2,72.8,2
3,2,837.89,3
3,1,77.14,3
3,1,73.57,3
3,3,176.64,3
3,1,378,3
3,1,429.3,3
3,1,245.31,3
3,1,151,3
3,2,307.97,3
3,3,106.78,3
3,3,267.7,3
3,1,300.39,3
3,1,72.8,3
3,1,74.51,3
3,1,410,3
3,1,108.13,3
3,1,410,3
3,2,269.75,4
3,1,73.01,4
3,1,73.01,4
3,2,72.8,4
3,1,378,4
3,2,74.51,4
3,1,435,4
3,1,438,4
3,1,151.53,4
3,1,353,4
3,4,711.205,4
3,1,110.08,4
3,1,73.57,4
3,3,73.59666667,4
3,1,73.01,4
3,3,72.8,4
3,1,479,4
3,1,73.59,4
3,2,73.59,4
3,1,378,4
3,1,617,4
3,1,378,4
3,2,611.92,4
3,1,2939.13,4
3,3,121.73,5
3,2,78.98,5
3,2,108.05,5
3,3,73.57,5
3,1,73.57,5
3,4,127.765,5
3,2,428.5,5
3,1,108,5
3,1,410,5
3,1,2845.5,5
3,1,149.07,5
3,1,78.07,5
3,1,77.14,5
3,2,64.375,5
3,1,73.57,5
3,1,73.01,5
3,2,72.8,5
3,2,72.8,5
3,1,74.51,5
3,2,970.075,5
3,1,378,5
3,1,112,5
3,3,78.98,6
3,1,78.98,6
3,1,73.57,6
3,1,347.74,6
3,4,399.9,6
3,2,468.14,6
3,1,822.93,6
3,1,410,6
3,1,410,6
3,2,76.93,6
3,1,440,6
3,1,78.98,6
3,3,109.32,6
3,1,147.34,6
3,2,78.07,6
3,2,78.07,6
3,1,1547.31,6
3,1,107.32,6
3,1,111,6
3,1,410,6
3,1,413.06,6
3,2,150.495,6
3,1,147.34,7
3,1,591.47,7
3,1,200.77,7
3,1,148.64,7
3,3,881.51,7
3,4,73.21,7
3,1,77.14,7
3,1,73.01,7
3,1,265.97,7
3,1,545,7
3,1,491,7
3,1,113.6,7
3,2,378,7
3,1,78.98,8
3,4,68.4475,8
3,1,72.8,8
3,2,72.8,8
3,2,9.84,8
3,1,76.93,8
3,1,109.32,8
3,1,78.07,8
3,2,72.8,8
3,1,378,8
3,1,150.77,8
3,5,73.59,8
3,2,109.32,9
3,3,78.07,9
3,1,73.01,9
3,1,72.8,9
3,4,74.51,9
3,2,266.42,9
3,3,73.59,9
3,1,305.29,9
3,2,319.185,9
3,2,78.98,9
3,3,208.0333333,9
3,1,73.01,9
3,4,73.01,9
3,1,73.01,9
3,3,72.8,9
3,2,173.255,9
3,1,74.51,9
3,1,84.15,9
3,5,124.152,9
3,1,277.02,9
3,3,153.9866667,10
3,1,167.89,10
3,1,78.98,10
3,5,108.05,10
3,2,74.51,10
3,2,378,10
3,1,78.07,10
3,2,77.14,10
3,1,274,10
3,1,72.8,10
3,1,104.6,10
3,1,107.32,10
3,2,72.8,11
3,2,10.94,11
3,1,140,11
3,3,120.6333333,11
3,1,73.01,11
3,2,74.51,11
3,1,74.6,11
3,1,74.6,11
3,3,78.98,12
3,1,72.8,12
3,4,247.295,12
3,1,76.93,12
3,2,76.93,12
3,2,581.22,12
3,2,78.07,12
3,2,78.07,12
3,1,73.57,12
3,3,738.7033333,12
3,2,73.12,13
3,3,72.8,13
3,1,73.59,13
3,2,73.59,13
3,2,152.85,13
3,2,74.6,13
3,3,76.91333333,13
3,2,74.6,13
3,5,408.8,14
3,2,74.6,14
3,1,300.45,14
3,2,175.75,14
3,1,373,14
3,1,124.19,14
3,2,582.5,14
3,7,71.43571429,14
3,1,73.57,15
3,2,74.51,15
3,2,74.6,15
3,1,74.6,15
3,1,76.93,15
3,3,74.6,15
3,1,74.6,15
3,3,74.51,16
3,1,74.07,16
3,1,78.07,16
3,1,76.93,16
3,2,78.07,17
3,2,10.94,17
3,2,122.4,17
3,2,286,17
3,2,73.59,18
3,2,74.6,19
3,5,85.226,19
3,2,74.6,19
3,6,438.0416667,19
3,7,125.7414286,20
3,1,279,20
3,3,74.6,20
3,1,74.6,20
3,1,271.81,20
3,1,124.33,20
3,1,74.6,20
3,1,599.31,21
3,2,78.07,21
3,7,162.53,22
3,1,74.6,22
3,2,46.16,22
3,5,381.87,22
3,2,73.59,22
3,1,74.51,23
3,7,46.74,24
3,2,73.59,24
3,4,101.1025,25
3,11,66.37363636,26
3,2,74.51,26
3,1,74.51,26
3,3,76.51,28
3,1,74.6,28
3,2,276.58,29
3,5,73.59,31
3,4,378.5275,32
3,1,73.59,33
3,1,73.01,33
3,2,233.685,34
3,1,74.6,35
3,1,73.59,37
3,7,73.87857143,38
3,1,124.33,38
3,2,140.595,41
3,1,74.51,41
3,2,73.59,43
3,2,76.93,56
4,1,499.64,0
4,2,76.93,0
4,1,224,0
4,1,296,0
4,1,972.86,1
4,1,837.53,1
4,1,345.87,1
4,1,811.36,1
4,1,272,1
4,1,266.95,1
4,1,1119.97,1
4,1,112,1
4,1,410,1
4,1,349.92,1
4,1,288.48,1
4,1,1011.15,1
4,1,106.78,1
4,1,1605.98,1
4,1,73.01,1
4,1,109,1
4,1,1891.35,1
4,1,113,1
4,1,501.94,1
4,2,867,2
4,2,149.07,2
4,1,269.75,2
4,1,378,2
4,1,399.9,2
4,2,409.99,2
4,1,378,2
4,1,160.05,2
4,2,298.91,2
4,1,77.14,2
4,1,51.6,2
4,1,73.57,2
4,1,74.51,2
4,1,378,2
4,1,109,2
4,1,52.83,3
4,1,73.57,3
4,2,475,3
4,3,956.62,3
4,1,109.64,3
4,1,78.07,3
4,1,298.91,3
4,1,78.07,3
4,2,73.57,3
4,2,148.64,3
4,2,410,3
4,1,410,3
4,1,52.83,4
4,1,51.6,4
4,1,214,4
4,1,931.69,4
4,1,109,4
4,2,332,4
4,1,149.07,4
4,1,109.32,4
4,1,1134.22,4
4,1,52.22,4
4,1,52.22,4
4,2,73.01,4
4,3,108.67,4
4,1,109.43,4
4,3,388.6666667,4
4,1,378,4
4,2,700.66,4
4,1,107.26,4
4,1,52.83,5
4,1,78.98,5
4,2,108.05,5
4,1,78.07,5
4,2,51.6,5
4,2,416.76,5
4,1,688.23,5
4,1,270,5
4,1,1147.25,5
4,1,555,5
4,1,350,5
4,3,70.26333333,5
4,1,51.6,5
4,2,73.01,5
4,1,72.8,5
4,1,74.51,5
4,1,10.94,5
4,1,410,5
4,2,1330.3,5
4,2,394,5
4,3,388.6666667,5
4,1,356.32,6
4,2,52.22,6
4,1,78.07,6
4,1,72.8,6
4,1,378,6
4,1,78.98,6
4,4,49.535,6
4,1,78.98,6
4,1,106.46,6
4,1,52.22,6
4,1,108.05,6
4,1,108.05,6
4,2,77.14,6
4,1,73.57,6
4,1,73.01,6
4,2,74.51,6
4,1,74.51,6
4,1,378,6
4,1,378,6
4,1,110,7
4,3,90.10333333,7
4,3,73.01,7
4,4,68.25,7
4,2,149.19,7
4,1,78.98,7
4,2,78.98,7
4,3,78.98,7
4,1,73.01,7
4,1,378,7
4,1,782.12,7
4,1,76.93,7
4,2,477.5,8
4,1,145.6,8
4,2,72.8,8
4,2,253.195,8
4,2,149.03,8
4,4,407.5,8
4,2,174.85,8
4,6,78.07,8
4,2,511.82,8
4,2,51.6,8
4,1,73.01,8
4,1,74.51,8
4,1,610.61,8
4,2,108,8
4,3,97.89666667,8
4,1,74.51,8
4,2,824,8
4,1,52.22,9
4,3,74.51,9
4,2,65.2,9
4,1,73.59,9
4,1,52.83,9
4,1,78.98,9
4,1,72.8,9
4,3,364.74,9
4,3,78.07,10
4,2,300.45,10
4,1,76.93,10
4,2,179.465,10
4,1,78.07,10
4,2,78.07,10
4,2,73.01,10
4,6,74.51,10
4,1,73.01,11
4,1,72.8,11
4,2,10.94,11
4,1,52.83,11
4,1,73.59,11
4,4,148.64,12
4,1,94.03,12
4,1,73.59,12
4,1,72.8,12
4,2,72.8,12
4,3,73.59,12
4,2,29.63,12
4,2,408.8,13
4,3,73.59,13
4,4,378,13
4,1,74.6,13
4,2,76.93,13
4,3,73.59,14
4,1,74.6,14
4,3,153.8633333,14
4,1,73.59,14
4,2,65.905,15
4,1,201.37,15
4,3,332.3133333,15
4,1,129.77,15
4,2,725.12,15
4,1,82.46,16
4,2,74.51,16
4,2,74.6,16
4,3,72.8,17
4,1,10.94,17
4,2,97.345,18
4,3,73.59,18
4,2,74.6,19
4,4,73.21,19
4,1,74.51,19
4,1,74.51,20
4,1,74.6,20
4,1,76.93,20
4,1,73.59,20
4,1,579.56,20
4,1,73.12,21
4,2,74.6,21
4,3,403.75,22
4,2,108.66,22
4,2,74.51,23
4,1,73.59,23
4,2,74.6,24
4,2,76.93,24
4,2,76.93,24
4,1,74.51,25
4,1,1012.35,25
4,20,74.6,26
4,1,73.59,31
4,2,73.59,32
4,1,73.01,32
4,9,73.59,36
4,1,78.98,37
4,3,73.59,37
4,1,74.51,40
4,1,512.65,40
4,1,74.6,49
5,4,2114.7975,0
5,1,868.29,0
5,1,410,0
5,1,860.46,0
5,1,410,0
5,1,112,0
5,1,990.73,1
5,1,106.17,1
5,1,1672.81,1
5,1,378,1
5,1,346.37,1
5,1,733.39,1
5,1,245.31,1
5,1,378,1
5,1,286,1
5,1,1670.95,1
5,1,827.07,1
5,1,52.22,1
5,1,73.57,1
5,1,107.29,1
5,1,269.75,1
5,1,510,1
5,1,279.64,1
5,1,147,1
5,1,410,1
5,1,766.4,1
5,1,378,1
5,1,113.19,1
5,1,78.07,2
5,1,73.57,2
5,2,75.82,2
5,2,1183.405,2
5,1,78.07,2
5,1,78.07,2
5,2,340.71,2
5,1,350,2
5,1,250,2
5,1,651.37,3
5,2,108.05,3
5,2,73.57,3
5,1,73.01,3
5,1,72.8,3
5,1,109.32,3
5,1,51.6,3
5,1,211.51,3
5,1,146.02,3
5,1,73.01,3
5,1,73.01,3
5,1,502,3
5,2,149.03,3
5,1,378,3
5,2,1286.025,3
5,1,230,3
5,1,1090.96,3
5,1,52.83,4
5,1,108.05,4
5,1,73.01,4
5,2,1297.59,4
5,4,108.925,4
5,1,78.07,4
5,2,77.145,4
5,1,269,4
5,1,278.89,4
5,1,1313.25,4
5,2,987.57,4
5,1,248.65,4
5,1,350,4
5,3,349.92,5
5,2,72.8,5
5,1,108,5
5,2,410,5
5,1,410,5
5,1,410,5
5,1,78.98,5
5,1,109.32,5
5,2,147.34,5
5,1,106.78,5
5,1,73.57,5
5,1,868.01,5
5,1,690.42,6
5,2,143.475,6
5,1,108.05,6
5,1,781.99,6
5,1,72.8,6
5,1,72.8,6
5,2,107.94,6
5,1,122.66,6
5,2,74.6,6
5,1,140,6
5,1,78.98,6
5,2,350,6
5,1,73.01,6
5,3,108,6
5,5,91.116,7
5,1,296.58,7
5,2,73.57,7
5,1,343.31,7
5,4,136.4375,7
5,2,76.93,7
5,1,378,7
5,1,74.51,7
5,2,109.95,7
5,1,76.93,7
5,4,149.06,8
5,1,73.59,8
5,2,111,8
5,1,74.51,8
5,1,108.67,8
5,1,76.93,8
5,4,190.49,9
5,2,72.8,9
5,1,76.93,9
5,1,78.07,9
5,1,410,9
5,1,76.93,9
5,1,73.01,10
5,4,72.8,10
5,1,78.07,10
5,2,73.01,10
5,1,378,10
5,1,554.04,10
5,2,158.38,11
5,1,74.51,11
5,2,122.66,11
5,1,73.59,11
5,3,76.93,11
5,3,52.22,12
5,2,378,12
5,2,78.98,12
5,2,390.64,12
5,1,52.83,13
5,2,74.51,13
5,1,310.24,13
5,2,74.6,13
5,3,48.01,13
5,3,183.3566667,14
5,1,74.6,14
5,5,84.892,14
5,1,360.03,14
5,1,74.6,14
5,7,87.18857143,15
5,1,74.6,15
5,4,76.93,15
5,1,353.87,15
5,1,73.59,15
5,2,282,15
5,1,74.6,17
5,1,264.67,17
5,3,74.6,17
5,3,611.27,17
5,1,145.6,18
5,1,200,18
5,1,74.51,19
5,3,67.46,19
5,2,136.825,20
5,1,74.6,20
5,1,591.16,20
5,1,74.51,21
5,1,233.11,21
5,3,166.8333333,22
5,14,76.93,22
5,1,275.34,22
5,1,74.51,24
5,3,76.93,24
5,1,73.59,25
5,1,73.61,25
5,1,74.6,25
5,2,73.59,26
5,1,73.59,26
5,2,74.6,27
5,1,282.95,27
5,1,411.6,27
5,1,73.01,28
5,2,1543.69,28
5,2,73.59,28
5,2,132.23,29
5,11,151.8309091,30
5,2,87.35,33
5,2,425.455,34
5,2,445.095,37
5,1,450.61,39
5,1,74.51,39
5,9,74.6,39
5,2,336.955,48
6,3,410,0
6,1,286,0
6,1,76.93,0
6,1,393.28,0
6,1,332,0
6,2,433.12,0
6,1,332,0
6,1,109.32,1
6,1,128.48,1
6,1,108,1
6,1,478.99,1
6,1,113,1
6,1,7863.91,1
6,1,473,1
6,1,445.67,1
6,1,828,1
6,1,73.57,1
6,1,479,1
6,1,84.15,1
6,1,378,1
6,1,115,1
6,1,1287.78,1
6,1,52.83,2
6,1,291.9,2
6,1,108.05,2
6,1,835.99,2
6,2,539.45,2
6,2,73.01,2
6,1,72.8,2
6,1,5417.65,2
6,2,304,2
6,1,109.32,2
6,2,575,2
6,2,230.865,2
6,1,74.51,2
6,1,607,2
6,1,378,2
6,1,410,2
6,1,734.8,2
6,1,627.3,2
6,1,378,2
6,1,410,2
6,1,378,2
6,1,230,2
6,1,378,2
6,2,52.83,3
6,1,109.32,3
6,1,109.32,3
6,2,77.14,3
6,1,73.57,3
6,2,73.01,3
6,1,73.59,3
6,2,110,3
6,2,491,3
6,1,106.98,3
6,2,73.01,3
6,1,72.8,3
6,1,479,3
6,2,116.68,3
6,2,200.64,4
6,1,78.98,4
6,3,109.32,4
6,3,269.75,4
6,1,73.57,4
6,2,72.8,4
6,2,802.38,4
6,2,74.6,4
6,2,52.83,4
6,1,52.22,4
6,1,651.82,4
6,4,51.6,4
6,1,2394.29,4
6,1,10.94,4
6,2,378,4
6,2,497.5,4
6,4,394,4
6,1,378,4
6,2,78.07,5
6,1,78.07,5
6,4,68.35,5
6,1,51.6,5
6,5,73.01,5
6,1,50.15,5
6,1,76.93,5
6,1,559.39,5
6,1,52.83,5
6,3,78.07,5
6,1,72.8,5
6,2,65.2,5
6,1,410,5
6,1,378,5
6,2,767.4,5
6,1,460,6
6,2,72.8,6
6,3,72.8,6
6,1,662,6
6,1,76.93,6
6,1,72.8,7
6,1,111.42,7
6,1,73.01,7
6,3,170,7
6,1,52.22,8
6,4,72.8,8
6,2,76.93,8
6,1,78.07,8
6,2,73.01,8
6,1,585.8,8
6,4,653.145,8
6,1,289.46,8
6,1,78.98,9
6,2,72.8,9
6,1,74.51,9
6,2,74.51,9
6,2,173.635,9
6,3,295.65,10
6,2,72.8,10
6,1,74.6,10
6,1,295,10
6,1,74.6,10
6,3,73.59,11
6,3,74.6,11
6,2,76.93,11
6,3,10.94,12
6,1,556.21,13
6,3,450.4066667,13
6,1,253.83,13
6,2,140,13
6,4,72.8,14
6,1,74.51,14
6,1,305,14
6,1,78.07,15
6,4,282,15
6,2,270.655,15
6,2,74.6,16
6,1,74.6,17
6,1,74.51,18
6,1,180.7,19
6,2,130,19
6,1,74.6,19
6,2,150,19
6,2,74.6,19
6,2,149.295,19
6,2,150,19
6,1,74.6,19
6,1,130,20
6,1,74.6,20
6,1,180,20
6,1,74.6,21
6,2,490.4,22
6,3,10.94,22
6,1,74.6,22
6,1,76.93,22
6,16,74.51,23
6,1,73.59,24
6,1,140,24
6,1,74.6,25
6,1,406.08,30
6,3,150,30
6,1,160,35
6,2,1686.81,36
6,1,898.48,38
6,2,74.51,38
6,2,73.59,41
7,1,2203.98,0
7,3,639.08,0
7,2,76.93,0
7,1,286,0
7,1,140,0
7,1,296,0
7,1,76.93,0
7,1,286,0
7,1,171.42,1
7,1,841.93,1
7,1,146.02,1
7,1,801.88,1
7,1,840.79,1
7,1,170,1
7,1,675.25,1
7,1,441,1
7,1,842.88,1
7,1,73.01,1
7,1,940.37,1
7,1,109,1
7,1,107.28,1
7,1,107.58,1
7,1,378,1
7,1,108,1
7,1,1366.69,1
7,1,178.1,1
7,1,357,1
7,1,109.32,2
7,1,73.57,2
7,1,378,2
7,1,841.05,2
7,2,1007.08,2
7,1,350,2
7,1,398.08,2
7,1,327,2
7,1,267.92,2
7,1,617,2
7,2,378,2
7,1,96.53,2
7,1,286,2
7,1,378,2
7,1,410,2
7,3,108.05,3
7,3,51.6,3
7,1,378,3
7,2,333,3
7,1,52.22,3
7,1,72.8,3
7,1,274,3
7,1,421.03,3
7,1,378,3
7,2,3390.02,3
7,2,378,3
7,1,378,3
7,1,357,3
7,2,378,3
7,1,286,3
7,4,114.11,4
7,2,109.68,4
7,1,378,4
7,1,52.83,4
7,1,78.98,4
7,2,73.57,4
7,1,346,4
7,1,278.7,4
7,1,468.1,4
7,1,473,4
7,1,761.03,4
7,1,149.07,5
7,3,74.51,5
7,1,460,5
7,1,78.98,5
7,2,1407.39,5
7,2,111,5
7,1,378,5
7,1,662,5
7,3,378,5
7,1,380.23,6
7,2,72.8,6
7,1,74.51,6
7,1,51.6,6
7,2,73.01,6
7,2,72.8,6
7,1,435,6
7,2,378,6
7,1,130,7
7,1,150,7
7,2,52.83,7
7,3,109.32,7
7,2,78.07,7
7,1,74.51,7
7,1,74.51,7
7,1,107.32,7
7,1,73.59,7
7,1,160,7
7,1,560.1,8
7,1,52.12,8
7,1,531,8
7,1,78.98,8
7,2,78.98,8
7,1,51.6,8
7,1,73.01,8
7,1,52.22,9
7,2,52.22,9
7,1,73.57,9
7,4,72.8,9
7,1,410,9
7,1,181.11,9
7,1,830.56,9
7,6,383.3333333,9
7,1,72.8,10
7,1,653.66,10
7,1,140,10
7,2,328.75,11
7,2,78.98,11
7,1,73.59,11
7,1,275,11
7,1,73.59,11
7,1,111,11
7,1,599.31,11
7,1,78.98,11
7,1,76.93,11
7,1,77.14,12
7,1,378,12
7,1,74.6,12
7,2,72.8,13
7,2,1838.22,13
7,2,74.6,13
7,1,74.6,14
7,1,74.6,14
7,1,130,14
7,1,73.59,14
7,2,112.75,15
7,3,73.59,16
7,2,74.6,17
7,1,140,17
7,1,150,17
7,1,10.94,17
7,4,9.84,18
7,1,130,18
7,3,262.2366667,19
7,2,73.59,19
7,3,145.05,19
7,1,29.63,19
7,7,525.5728571,20
7,1,291.45,22
7,2,657.88,22
7,5,395.994,23
7,4,74.6,23
7,3,91.07,23
7,2,74.6,24
7,7,211.3328571,26
7,2,308.23,27
7,1,150,27
7,10,89.63,31
7,2,73.59,32
7,1,74.6,34
7,4,762.28,34
7,1,74.51,36
7,2,166.12,37
8,3,118.9766667,0
8,1,160,0
8,1,200,1
8,1,106.47,1
8,1,456,1
8,1,280,1
8,1,78.98,1
8,1,607,1
8,1,106.47,1
8,1,200.77,1
8,1,128.11,1
8,1,926.93,1
8,1,378,1
8,1,378,1
8,1,195.74,1
8,1,378,1
8,2,1325.95,2
8,1,182.54,2
8,1,72.8,2
8,2,714.48,2
8,1,465.15,2
8,2,186.99,2
8,1,52.22,2
8,2,402,2
8,1,433.01,2
8,1,694.81,2
8,1,479,2
8,1,245.61,2
8,1,272,2
8,1,410,2
8,1,378,2
8,1,78.98,3
8,1,149.07,3
8,1,378,3
8,1,378,3
8,1,742.15,3
8,2,711.79,3
8,2,649.57,3
8,2,52.22,3
8,3,437.53,3
8,1,73.57,3
8,1,240,3
8,1,378,3
8,1,438,3
8,1,111.46,3
8,2,112,3
8,1,283,3
8,2,378,3
8,1,52.22,4
8,1,51.6,4
8,4,149.06,4
8,2,378,4
8,2,378,4
8,1,410,4
8,1,1229.02,4
8,2,989.55,4
8,3,152.88,4
8,2,52.83,4
8,2,78.07,4
8,2,1047.995,4
8,1,421.49,4
8,1,72.8,4
8,1,74.51,4
8,1,109.22,4
8,1,1315.3,4
8,1,410,4
8,1,108,5
8,1,348.11,5
8,1,128.22,5
8,1,108.05,5
8,2,271.9,5
8,1,696.74,5
8,1,140,5
8,3,148.64,6
8,2,76.93,6
8,1,612.43,6
8,1,581.22,6
8,1,52.83,6
8,1,378,6
8,2,375.45,6
8,3,378,6
8,1,378,6
8,1,676.32,6
8,5,640.296,7
8,2,52.22,7
8,1,51.6,7
8,1,406.73,7
8,2,78.98,8
8,1,74.6,8
8,1,150,8
8,3,48.43666667,9
8,1,72.8,9
8,1,565.69,9
8,2,564.04,9
8,1,845,9
8,1,73.59,9
8,1,528.49,9
8,2,78.98,9
8,1,78.98,9
8,1,270,9
8,1,180,9
8,1,130,9
8,1,130,9
8,1,378,10
8,1,73.59,10
8,1,180,10
8,8,147.34,11
8,1,77.14,11
8,1,274.16,11
8,2,72.8,11
8,2,407.5,11
8,2,74.6,11
8,2,52.83,12
8,3,47.78333333,13
8,2,122.66,13
8,1,301.96,13
8,1,130,13
8,1,38.75,13
8,3,52.83,14
8,4,78.07,14
8,1,38.75,15
8,1,131.18,15
8,3,424.42,15
8,3,99.67333333,16
8,1,122.66,16
8,4,10.94,16
8,1,72.8,17
8,2,73.59,17
8,1,272,17
8,1,698.87,18
8,2,74.6,19
8,3,96.31,19
8,1,1247.68,19
8,1,73.59,19
8,1,723.53,20
8,1,305.68,21
8,1,76.93,21
8,1,73.59,22
8,4,92.97,25
8,2,73.01,27
8,2,369.99,27
8,1,52.83,27
8,2,77.92,30
8,3,67.46,30
8,1,140,32
8,2,74.6,33
8,2,149.38,35
8,2,73.59,39
8,4,65.275,46
8,1,76.92,54
9,1,150,0
9,1,360,0
9,2,759.48,0
9,1,1803.43,1
9,1,730.27,1
9,1,125.22,1
9,1,147.14,1
9,1,73.01,1
9,1,176.95,1
9,1,1165.34,1
9,1,112.08,1
9,1,378,1
9,1,109.32,1
9,1,78.07,1
9,1,522,1
9,1,540,1
9,1,861.59,1
9,1,73.01,1
9,1,1247.01,1
9,1,2274.12,1
9,1,410,1
9,1,77.14,2
9,1,378,2
9,1,109,2
9,1,513.3,2
9,1,74.6,2
9,1,286,2
9,1,478.83,2
9,1,497,2
9,1,1241.49,2
9,1,2065.57,2
9,1,78.98,2
9,2,78.07,2
9,2,695,2
9,1,73.57,2
9,1,73.01,2
9,1,426.53,2
9,1,1426.13,2
9,2,590,3
9,1,378,3
9,2,859.875,3
9,1,52.83,3
9,3,1472.85,3
9,1,541,3
9,1,1265.35,3
9,2,72.8,3
9,1,170,3
9,1,378,3
9,1,922.09,3
9,3,410,3
9,4,68.35,4
9,1,72.8,4
9,1,617,4
9,1,112.45,4
9,4,108.05,4
9,1,73.57,4
9,1,378,4
9,1,1248.37,4
9,1,170,4
9,1,378,4
9,1,1294.09,5
9,1,52.83,5
9,1,378,5
9,3,52.22,6
9,2,72.8,6
9,2,74.51,6
9,1,130,6
9,2,1576.65,6
9,1,73.59,7
9,2,771.15,7
9,1,73.57,8
9,1,74.6,8
9,2,464.755,8
9,3,180.6,8
9,1,51.6,8
9,1,378,8
9,2,442.5,8
9,1,73.59,8
9,6,73.47666667,9
9,1,74.51,9
9,2,685.79,9
9,2,186.595,9
9,1,710.07,9
9,1,258.6,9
9,2,52.115,9
9,1,72.8,10
9,7,78.07,10
9,1,378,10
9,2,74.6,10
9,1,140,10
9,4,530.55,11
9,1,74.6,12
9,1,10.94,13
9,1,130,13
9,2,599.31,13
9,1,77.14,14
9,1,108.78,15
9,1,180.6,15
9,1,74.51,16
9,3,74.51,16
9,1,130,16
9,3,145.6,17
9,6,319.535,17
9,1,241.94,17
9,1,74.51,18
9,1,74.51,19
9,2,65.2,19
9,1,150,19
9,1,803.71,20
9,1,73.59,21
9,2,134.11,21
9,1,74.51,24
9,4,160,24
9,3,107.63,25
9,4,229.9425,25
9,7,74.6,26
9,2,165.07,33
9,2,10.94,37
10,1,113.19,0
10,1,185,0
10,1,551.69,0
10,5,76.93,0
10,1,94.57,0
10,1,109.32,1
10,1,113.85,1
10,1,818.61,1
10,1,340.71,1
10,1,111.63,1
10,1,515,1
10,1,77.14,1
10,1,829.91,1
10,1,823.48,1
10,1,72.8,1
10,1,72.8,1
10,1,591.11,1
10,1,410,1
10,1,378,1
10,1,1429.9,1
10,1,2357.48,2
10,1,725.72,2
10,2,178.87,2
10,2,235.5,2
10,1,78.98,2
10,2,52.83,2
10,2,78.98,2
10,1,78.07,2
10,1,77.14,2
10,2,72.8,2
10,2,617,2
10,1,410,2
10,1,483.13,2
10,1,378,2
10,1,1100.96,2
10,1,112,2
10,2,455.21,3
10,1,109.32,3
10,1,78.07,3
10,1,700.73,3
10,1,307.24,4
10,1,109.32,4
10,2,78.07,4
10,1,378,4
10,1,639.43,4
10,1,410,4
10,1,590.3,5
10,1,72.8,6
10,1,78.07,6
10,1,125,6
10,1,94.98,6
10,4,983.48,6
10,1,74.6,6
10,4,147.34,7
10,1,72.8,7
10,1,341.53,7
10,3,48.43666667,7
10,3,72.8,7
10,1,511,7
10,1,186.29,7
10,1,437,8
10,2,10.94,8
10,1,909.95,8
10,2,52.22,8
10,3,52.22,9
10,1,106.47,9
10,1,74.51,9
10,2,357,9
10,2,130,10
10,1,385.58,10
10,2,77.14,10
10,1,78.98,11
10,2,134.69,11
10,2,76.93,11
10,1,73.01,11
10,1,73.59,12
10,1,130,12
10,1,50.7,13
10,2,76.93,13
10,14,106.78,14
10,1,124.33,14
10,5,78.35,15
10,1,10.94,15
10,2,73.59,15
10,1,233.11,16
10,1,74.6,17
10,1,130,17
10,1,122.66,18
10,1,385.05,18
10,1,74.6,20
10,1,73.12,20
10,1,73.59,21
10,1,382.01,23
10,1,624.12,24
10,2,190.455,28
10,1,246.16,31
11,1,76.93,0
11,1,547,0
11,1,77.14,1
11,1,433,1
11,1,846.02,1
11,1,112.08,1
11,1,280,1
11,1,306,1
11,1,186.99,1
11,1,193.76,1
11,1,51.6,1
11,1,473,1
11,1,378,1
11,1,479,2
11,1,148.64,2
11,1,630.08,2
11,1,378,2
11,1,1000.58,2
11,2,112,2
11,1,378,2
11,1,52.22,3
11,2,52.22,3
11,2,121.21,3
11,2,501.28,3
11,3,110.08,3
11,3,74.51,3
11,1,74.51,3
11,1,170,3
11,1,617,3
11,4,78.98,4
11,3,545,4
11,1,378,4
11,2,378,4
11,2,1204.34,4
11,1,581.22,4
11,1,78.98,4
11,1,52.83,4
11,2,378,4
11,2,153.87,4
11,3,78.98,5
11,1,74.51,5
11,1,159.96,5
11,1,150.3,5
11,2,73.01,5
11,1,109,5
11,1,479,5
11,1,222.06,6
11,1,74.51,6
11,2,279.53,6
11,1,74.6,6
11,2,76.93,6
11,3,584.25,6
11,1,106.68,6
11,1,691.07,7
11,3,52.22,7
11,1,73.57,7
11,1,138,7
11,7,78.98,7
11,1,78.98,7
11,1,52.22,7
11,7,822.26,7
11,1,545,7
11,1,78.98,8
11,2,77.14,8
11,1,72.8,8
11,1,72.8,9
11,1,74.51,9
11,2,73.12,10
11,2,46.66,10
11,1,52.83,10
11,1,73.01,10
11,1,339.97,10
11,2,22.75,10
11,1,73.59,10
11,1,52.83,11
11,1,211.65,11
11,1,150,11
11,2,74.6,11
11,1,1089.49,11
11,1,417.52,12
11,1,122.66,13
11,6,74.6,13
11,1,74.6,14
11,2,140,14
11,1,74.51,15
11,1,108.78,15
11,2,72.8,16
11,1,29.63,16
11,1,74.6,16
11,2,130,16
11,2,74.51,18
11,1,150,19
11,1,284.91,19
11,1,349.96,19
11,1,5.11,20
11,1,76.93,20
11,2,241.94,21
11,4,52.12,26
11,2,607.93,26
11,1,73.59,27
11,2,56.98,30
11,1,77.92,31
11,1,74.6,31
12,1,1366.96,0
12,1,579.17,0
12,1,76.93,0
12,4,76.93,0
12,2,76.93,0
12,1,76.93,0
12,1,110,1
12,1,901.46,1
12,1,78.07,1
12,1,378,1
12,1,1339,1
12,1,1010.52,1
12,1,307.49,1
12,1,407,1
12,1,1322.26,1
12,1,378,1
12,1,378,1
12,2,1233.07,2
12,1,378,2
12,1,683.82,2
12,1,587.87,2
12,1,78.98,3
12,1,52.22,3
12,2,107.29,3
12,1,378,3
12,1,981.26,3
12,2,84.15,3
12,2,149.07,3
12,1,77.14,3
12,2,312.32,3
12,1,410,3
12,1,1030.21,3
12,1,72.8,4
12,1,121.34,4
12,3,413.87,4
12,2,76.93,4
12,1,145.61,4
12,2,52.78,4
12,1,775.43,4
12,1,78.07,5
12,1,200.77,5
12,2,278.94,5
12,2,183.99,5
12,3,78.07,5
12,1,795.92,5
12,1,73.01,5
12,1,580.06,5
12,2,52.83,6
12,1,74.51,6
12,1,73.81,6
12,2,10.94,6
12,6,110.89,6
12,1,340.04,6
12,1,76.93,6
12,1,74.51,7
12,1,200,7
12,1,473.66,8
12,2,78.98,8
12,2,545.345,8
12,2,147.34,8
12,1,72.8,8
12,5,159.96,9
12,2,73.01,9
12,1,300.71,9
12,1,74.51,10
12,2,140,10
12,2,149.07,11
12,2,74.51,11
12,1,199.69,12
12,1,890.29,12
12,1,124.33,13
12,1,74.51,13
12,2,73.59,13
12,2,74.51,16
12,3,74.51,17
12,1,150,18
12,2,65.275,18
12,2,76.93,19
12,5,160,20
12,6,71.49166667,21
12,2,81.54,22
12,1,77.92,22
12,1,74.51,26
12,2,159.96,30
12,1,73.59,35
12,1,74.6,42
12,1,759,53
13,1,463,0
13,1,653.66,0
13,1,128.22,0
13,4,76.93,0
13,1,76.93,0
13,2,137.5,0
13,1,367,0
13,1,759.34,1
13,1,1187.52,1
13,1,758.99,1
13,1,108.05,1
13,1,73.57,1
13,1,553.69,1
13,1,516,1
13,1,617,1
13,1,378,1
13,1,78.98,2
13,1,298.11,2
13,2,52.22,3
13,3,108.05,3
13,1,603,3
13,1,378,3
13,1,378,3
13,1,410,3
13,2,46.24,4
13,2,660.11,4
13,4,63.885,4
13,1,170,4
13,2,302,5
13,1,637.69,5
13,1,147.19,5
13,1,254.15,5
13,2,97.08,5
13,3,276.82,5
13,1,109.78,5
13,1,74.6,5
13,2,78.07,6
13,1,180,6
13,2,64.395,6
13,1,140,6
13,1,72.8,7
13,2,1327.78,7
13,4,78.98,7
13,1,52.83,7
13,1,78.98,7
13,2,51.6,7
13,1,73.01,7
13,1,72.8,7
13,1,52.83,8
13,6,66.92666667,8
13,1,124.19,8
13,1,74.51,8
13,1,180,8
13,1,130,8
13,1,149.07,9
13,1,74.6,9
13,3,73.01,9
13,1,150,9
13,2,10.94,9
13,1,787.95,9
13,1,940.1,9
13,3,301.96,10
13,1,52.83,10
13,1,140,11
13,2,381.19,11
13,3,150,12
13,5,126.734,13
13,1,10.94,14
13,2,29.63,14
13,4,76.93,16
13,2,297.94,16
13,1,327.52,17
13,1,74.6,17
13,1,481.18,19
13,1,180.92,20
13,5,307.436,21
13,1,183.99,22
13,4,69.855,23
13,2,65.2,25
13,1,122.66,29
13,1,73.01,31
13,2,610.61,34
13,1,74.51,35
13,1,74.6,41
14,1,90.82,0
14,1,607.12,0
14,1,115.13,0
14,1,471.89,0
14,1,230,0
14,1,150,0
14,1,111.95,1
14,1,643.76,1
14,1,410,1
14,1,378,1
14,1,550.29,1
14,1,824,1
14,1,10350.85,1
14,1,84.15,1
14,1,9953.31,1
14,1,1811.28,1
14,1,378,2
14,1,546.41,2
14,1,51.6,2
14,1,438,2
14,1,378,2
14,1,378,2
14,1,378,2
14,3,180.43,3
14,1,51.6,3
14,1,73.57,3
14,1,51.57,3
14,1,51.57,3
14,1,378,3
14,1,78.98,3
14,1,98.39,3
14,1,23.54,3
14,3,23.26,3
14,1,51.57,3
14,1,52.13,3
14,1,967,3
14,1,355.71,3
14,1,378,3
14,2,23.26,4
14,3,32.91333333,4
14,1,733.08,4
14,2,52.84,4
14,2,1474.62,4
14,1,848.88,4
14,1,51.57,4
14,1,52.22,5
14,2,23.26,5
14,3,1018.666667,5
14,2,23.26,6
14,1,77.14,6
14,3,73.57,6
14,1,73.01,6
14,1,51.71,6
14,1,51.57,6
14,1,438,6
14,1,51.57,7
14,2,52.11,7
14,2,52.78,7
14,1,130,7
14,4,454.4975,7
14,1,38.75,7
14,2,828.84,8
14,1,90.82,8
14,2,791.195,8
14,2,659.03,9
14,1,23.54,9
14,3,50.62666667,9
14,1,140,9
14,1,354.88,9
14,2,74.51,9
14,1,74.6,10
14,2,52.84,10
14,1,246.7,10
14,1,23.54,10
14,1,868.73,11
14,2,52.13,12
14,1,52.78,13
14,2,10.94,13
14,5,1669.068,13
14,2,51.57,14
14,2,1431.91,14
14,1,150,15
14,1,130,18
14,1,946.39,18
14,2,200,18
14,1,52.13,18
14,6,414.2116667,19
14,1,140,19
14,1,258.6,19
14,1,52.78,19
14,1,52.78,22
14,2,73.01,25
14,2,10.94,26
14,1,63.41,26
14,2,52.13,27
14,1,52.12,28
14,1,52.84,34
14,1,54.49,52
15,1,54.49,0
15,1,778.83,0
15,1,410,0
15,1,378,0
15,1,23.26,1
15,1,145.6,1
15,1,147.14,1
15,1,410,1
15,1,886.14,1
15,1,1898.51,1
15,1,2303.87,1
15,1,51.71,1
15,1,51.57,1
15,1,145.61,1
15,1,378,1
15,1,479,1
15,1,111.05,1
15,2,1638.24,2
15,1,62.04,2
15,1,378,2
15,1,378,2
15,2,437,2
15,1,2089.1,2
15,1,1604.45,2
15,1,798.48,2
15,1,51.57,2
15,2,540,2
15,1,378,2
15,1,3245.15,2
15,1,694.78,2
15,1,378,2
15,1,51.11,3
15,1,128.55,3
15,3,47.29,3
15,2,378,3
15,1,378,3
15,1,1248.89,3
15,2,108.05,3
15,2,406.74,3
15,1,410,3
15,1,378,3
15,1,1111,3
15,2,23.26,4
15,1,74.51,4
15,2,35.91,4
15,1,15,4
15,2,398.5,4
15,1,55.73,4
15,1,973.01,4
15,3,51.57,5
15,1,441.49,5
15,3,1091.243333,5
15,3,52.22,6
15,2,51.71,6
15,1,181.94,6
15,1,52.13,6
15,2,88.06,6
15,2,466.51,6
15,1,918.36,6
15,1,23.54,7
15,1,339.39,7
15,1,54.49,7
15,1,10.94,8
15,1,73.01,8
15,1,140,8
15,2,548.51,9
15,1,934.58,9
15,2,23.54,9
15,2,51.57,9
15,2,607.76,9
15,2,340.88,10
15,2,56.98,10
15,8,51.71,10
15,1,279.04,11
15,1,247.68,12
15,1,258.6,14
15,2,601.17,16
15,1,180,16
15,2,346.43,16
15,2,187.86,17
15,1,130,17
15,1,73.59,17
15,2,140,18
15,1,50.7,19
15,1,54.49,19
15,2,10.94,21
15,1,288.22,23
15,1,10.94,24
15,1,591.16,24
15,1,10.94,25
15,3,47.78333333,27
15,3,52.84,33
15,2,52.78,34
15,1,569.83,40
16,2,54.49,0
16,1,378,0
16,1,286,0
16,1,792.73,0
16,1,357,0
16,1,271.46,1
16,1,78.07,1
16,1,479,1
16,1,106.47,1
16,1,190,1
16,1,708.27,1
16,1,279,1
16,1,483,1
16,1,275,1
16,1,378,1
16,1,378,1
16,2,999.31,2
16,1,1585.98,2
16,1,78.07,2
16,1,51.6,2
16,2,106.78,2
16,1,145.61,2
16,2,729.865,2
16,1,410,2
16,1,378,2
16,1,378,2
16,3,23.54,3
16,1,1424.79,3
16,1,410,3
16,3,986.68,3
16,1,149.07,3
16,1,23.26,3
16,1,78.07,3
16,2,73.57,3
16,1,73.57,3
16,2,51.71,3
16,2,111,3
16,3,134.36,3
16,3,23.26,4
16,2,78.07,4
16,1,300,4
16,1,51.57,4
16,1,378,4
16,2,790.44,5
16,2,51.57,6
16,4,23.22,6
16,1,78.98,6
16,1,23.54,6
16,4,403.25,6
16,4,162.59,7
16,1,140,7
16,1,52.78,7
16,1,10.94,7
16,3,43.13,7
16,2,129.195,8
16,1,52.84,8
16,1,54.49,8
16,1,861.94,8
16,1,140,8
16,2,410,8
16,2,78.07,9
16,2,159.96,11
16,1,51.57,12
16,1,52.84,12
16,2,52.84,14
16,4,221.065,16
16,2,370.51,17
16,1,111.05,17
16,1,87.97,17
16,1,200,18
16,1,74.51,19
16,1,10.94,23
16,2,52.13,23
16,3,225.6866667,24
16,2,75.47,24
16,2,23.22,26
16,1,52.84,30
16,1,52.78,32
17,2,125,0
17,1,865.38,1
17,1,180,1
17,1,683.8,1
17,1,170,1
17,1,1714.59,1
17,1,389,1
17,1,23.26,1
17,1,185.71,1
17,1,51.6,1
17,1,73.57,1
17,2,863.86,2
17,1,78.98,2
17,2,378,2
17,1,374.04,2
17,1,112.47,2
17,1,51.71,2
17,1,51.57,2
17,1,378,2
17,1,1356.06,2
17,3,52.22,3
17,2,276.82,3
17,1,343,3
17,1,54.49,3
17,1,115.66,3
17,3,110.14,3
17,1,130,3
17,1,761.03,3
17,2,1364.12,3
17,1,402.61,4
17,1,1087.75,4
17,1,787.05,4
17,1,78.98,5
17,2,23.54,5
17,1,199.04,5
17,1,72.8,5
17,2,52.13,5
17,1,10.94,6
17,3,107.32,6
17,1,23.54,6
17,3,52.84,7
17,1,119.15,7
17,1,73.57,7
17,1,967.75,7
17,8,51.57,8
17,2,502.48,8
17,2,1229.6,8
17,2,182.29,9
17,1,864.89,10
17,2,73.59,11
17,1,52.13,11
17,2,370.4,12
17,1,663.26,12
17,2,233.11,13
17,3,76.32,14
17,1,23.22,15
17,1,309.63,16
17,3,78.7,16
17,1,52.78,17
17,1,54.49,17
17,1,51.33,18
17,3,10.94,22
17,1,73.01,30
17,6,65.90666667,30
17,1,52.78,31
18,2,604.98,0
18,8,577.17,0
18,1,90.82,0
18,1,782.8,0
18,2,54.49,0
18,1,54.49,0
18,1,289.2,0
18,1,1393.18,0
18,1,2225.44,1
18,1,29.82,1
18,1,52.22,1
18,1,51.71,1
18,1,666.72,1
18,1,78.98,1
18,1,501.94,1
18,1,891.84,1
18,1,378,1
18,1,405,1
18,1,271.46,2
18,2,51.57,2
18,1,2504.52,2
18,1,667.09,2
18,1,378,2
18,1,1017.7,2
18,1,483.69,2
18,2,149.06,2
18,1,1262.61,2
18,2,410,2
18,1,378,2
18,1,112,2
18,1,598.27,3
18,1,655.82,3
18,2,983.08,3
18,1,51.57,4
18,2,229.83,4
18,1,51.71,4
18,1,415.53,4
18,1,52.84,4
18,3,23.54,5
18,1,2224.91,5
18,4,657.4725,6
18,2,23.54,6
18,1,52.84,6
18,1,78.98,6
18,1,73.01,6
18,1,170.28,7
18,1,596.99,7
18,2,78.07,7
18,1,76.93,7
18,1,220,8
18,2,23.22,9
18,1,118,10
18,1,51.57,11
18,1,130,11
18,1,128,11
18,1,86.88,11
18,4,94.71,11
18,2,125,11
18,2,282,14
18,2,329.75,14
18,2,547.09,16
18,5,115.498,16
18,1,86.85,16
18,1,484.68,16
18,1,1459.55,19
18,4,128,19
18,3,119.3333333,22
18,4,408.06,24
18,2,52.13,28
18,1,52.84,29
18,3,136.66,30
18,9,657.74,51
19,1,128.22,0
19,1,54.49,0
19,1,135,0
19,1,54.49,0
19,1,125,0
19,1,140,0
19,1,1248.19,1
19,1,23.26,1
19,1,818.61,1
19,1,1758.94,1
19,1,864.89,1
19,1,1077.34,1
19,1,378,1
19,1,378,1
19,1,515.49,1
19,1,23.54,1
19,1,522.16,1
19,1,149.06,1
19,1,278.7,1
19,1,1043.37,1
19,1,410,1
19,1,410,1
19,1,410,1
19,1,922.08,1
19,2,23.54,2
19,1,140,2
19,1,456.83,2
19,1,248.38,2
19,2,655.82,2
19,1,77.92,3
19,1,51.57,3
19,1,107.32,3
19,2,286,3
19,3,78.98,4
19,2,52.78,4
19,1,648.98,5
19,1,51.6,5
19,1,52.11,5
19,2,51.57,5
19,1,23.54,6
19,2,326.92,7
19,2,51.57,7
19,1,513.95,7
19,3,545,7
19,1,591.16,7
19,1,23.54,8
19,2,582.34,9
19,1,428.96,9
19,3,368.5966667,10
19,1,279.04,11
19,1,52.84,12
19,2,52.485,13
19,3,35.47,13
19,2,162.6,14
19,4,308.6575,15
19,6,74.79166667,15
19,3,48.4,15
19,1,150,15
19,16,78.98,16
19,1,130,16
19,1,54.49,16
19,2,73.57,17
19,3,10.94,18
19,2,23.22,20
19,2,301.96,21
19,4,74.51,23
19,2,222.75,24
19,2,158.94,26
19,1,52.78,27
19,2,350.2,28
19,4,218.575,32
19,1,52.84,39
20,1,376.55,0
20,1,1443.6,1
20,1,52.22,1
20,1,77.14,1
20,1,109.81,1
20,1,55.73,2
20,1,109.32,2
20,1,51.57,2
20,1,51.33,2
20,1,378,2
20,1,507.58,2
20,1,446.84,2
20,3,545.52,3
20,1,51.57,3
20,4,167.32,4
20,2,378,4
20,4,795.92,4
20,2,72.8,4
20,1,147.19,4
20,1,51.57,5
20,1,634.88,5
20,1,526.81,5
20,1,792.13,5
20,2,52.84,5
20,1,23.54,5
20,1,292.27,5
20,1,672.49,5
20,2,51.57,6
20,2,10.94,6
20,1,378,6
20,2,457.47,7
20,1,52.78,7
20,1,1224.78,8
20,1,1182.92,8
20,1,377.13,11
20,1,130,11
20,1,322.88,11
20,1,1098.47,12
20,1,424.42,12
20,2,239.18,13
20,5,46.434,14
20,1,52.84,14
20,4,74.085,14
20,1,383.34,15
20,1,484.68,15
20,4,355.44,15
20,1,970.54,15
20,3,52.78,16
20,1,802.37,18
20,1,159.96,19
20,1,52.78,23
20,2,140,26
20,1,150,28
20,1,200,28
21,3,713.21,0
21,1,1595.31,1
21,1,180.43,1
21,1,3288.07,1
21,1,378,1
21,1,200.01,1
21,1,717.75,1
21,1,1649.01,1
21,1,149.07,1
21,1,394.35,1
21,1,410,1
21,1,479,1
21,1,1241.79,2
21,2,246.3,2
21,2,51.71,2
21,1,1788.14,2
21,1,581.13,2
21,1,599.31,2
21,1,288.23,2
21,1,1082,2
21,1,378,2
21,1,426,2
21,1,350,2
21,1,109.32,3
21,1,245.57,3
21,1,479,3
21,1,1218.21,3
21,1,23.26,4
21,2,1393.14,4
21,1,51.57,5
21,1,78.07,5
21,1,77.14,6
21,1,54.49,7
21,1,51.57,7
21,3,115,7
21,1,2089.7,8
21,2,23.54,8
21,1,458.67,8
21,2,105,9
21,1,38.75,9
21,1,170,9
21,4,52.13,10
21,1,128,11
21,1,52.78,12
21,1,52.13,12
21,4,52.78,12
21,1,115,14
21,2,287.32,15
21,2,91.59,18
21,3,42.02,18
21,1,229.99,22
21,2,52.13,30
21,1,254.15,42
22,1,437.19,0
22,1,286,0
22,1,54.49,0
22,1,78.98,1
22,1,752.43,1
22,1,841.98,1
22,1,795.92,1
22,1,274.41,1
22,1,51.57,1
22,1,110.12,1
22,1,378,1
22,1,1136.55,1
22,1,51.57,1
22,1,378,1
22,1,1389.6,1
22,1,23.26,2
22,2,78.07,2
22,2,858.66,2
22,1,839.76,2
22,1,813.25,2
22,1,113.18,2
22,2,51.71,2
22,2,1104.93,2
22,1,378,2
22,1,286,2
22,2,384,3
22,1,52.11,3
22,2,51.57,3
22,2,502,3
22,1,52.78,4
22,2,130,4
22,1,487.82,4
22,2,477.65,4
22,2,243.65,4
22,1,51.6,5
22,1,658.69,5
22,2,545,5
22,2,96.97,6
22,2,117.84,7
22,2,411.58,7
22,2,1201.16,7
22,1,710.07,8
22,4,174.9925,9
22,1,791.24,9
22,1,206.47,10
22,1,138,10
22,1,594.11,10
22,1,308.36,12
22,2,424.6,12
22,2,309.63,13
22,1,421.59,14
22,7,88.34142857,14
22,2,105,14
22,3,240.35,14
22,4,118.5,14
22,1,52.11,15
22,1,52.84,15
22,1,52.13,18
22,7,85.87428571,18
22,8,591.16,21
22,2,52.13,27
22,17,51.71,29
22,1,52.84,38
22,4,100.33,39
23,2,378,0
23,2,34.94,0
23,2,872.48,0
23,1,356.92,0
23,2,109.5,0
23,1,52.22,1
23,1,106.78,1
23,1,802.23,1
23,1,296.97,1
23,1,23.26,1
23,1,1374.33,1
23,2,23.54,2
23,1,23.26,2
23,1,51.71,2
23,1,378,2
23,1,52.11,2
23,1,431,2
23,2,420.61,2
23,1,283.42,3
23,2,104.64,3
23,1,23.54,3
23,1,23.54,3
23,1,1183.74,3
23,2,268,4
23,1,180,4
23,1,1286.95,5
23,1,78.98,5
23,1,78.07,5
23,1,294.65,5
23,2,1612.34,5
23,1,288.22,5
23,1,23.54,6
23,3,686.53,6
23,2,52.13,7
23,2,684.74,7
23,1,601.17,7
23,2,499.99,8
23,3,364.0633333,9
23,1,234.79,11
23,1,130,11
23,1,584.59,11
23,1,225,12
23,1,54.49,12
23,1,118,13
23,2,668.99,14
23,3,51.6,14
23,1,414.87,16
23,2,52.84,18
23,2,29.63,20
23,1,51.57,21
23,2,116.5,24
24,3,353.92,0
24,1,378,0
24,1,145,0
24,1,186.8,0
24,1,23.26,1
24,1,378,1
24,1,465.15,1
24,1,280,1
24,1,1357.22,1
24,1,360.73,1
24,1,401.28,1
24,1,474,1
24,1,1072.86,1
24,1,286,1
24,1,3193.16,1
24,1,420.47,2
24,1,378,2
24,1,967,2
24,1,200,2
24,1,378,2
24,1,998.55,2
24,1,109.32,3
24,1,150,3
24,1,462.39,3
24,1,1226.55,3
24,3,78.07,4
24,4,361.2,4
24,1,514.31,4
24,2,52.84,4
24,2,23.54,4
24,1,108.05,4
24,2,794.515,5
24,2,410,5
24,1,328.88,6
24,1,551.04,6
24,2,284.19,7
24,2,1499.55,7
24,1,731.9,7
24,2,180.7,8
24,1,52.13,8
24,1,52.84,8
24,1,52.78,9
24,1,38.75,12
24,2,52.78,13
24,4,103.7625,13
24,2,52.84,13
24,4,23.54,15
24,2,414.87,15
24,1,138,16
24,4,202.48,17
24,1,74.51,19
24,3,52.78,19
24,2,526.83,19
24,5,707.736,20
24,2,150,27
25,1,54.49,0
25,3,328.96,0
25,3,733.6666667,0
25,1,296,0
25,1,109.32,1
25,1,843.47,1
25,1,898.32,1
25,1,108.67,1
25,1,479,1
25,1,378,1
25,1,378,1
25,1,1565.55,1
25,1,1274.43,1
25,1,834.14,1
25,1,826.18,1
25,1,803.26,1
25,1,477.49,1
25,1,1601.73,1
25,1,1343.34,2
25,2,77.14,2
25,1,275,2
25,2,54.86,3
25,2,108.05,3
25,1,167.31,4
25,3,52.84,4
25,1,77.14,4
25,2,115,4
25,3,320.7366667,6
25,3,85.26,6
25,2,23.22,6
25,3,108.05,6
25,1,308.88,6
25,2,278.37,7
25,1,344.45,8
25,3,364.2666667,8
25,2,432.93,9
25,1,52.13,10
25,2,391.31,10
25,1,52.78,10
25,1,601.17,10
25,3,381.5066667,11
25,2,146.88,11
25,1,145,11
25,4,206.94,12
25,2,51.71,12
25,1,74.51,13
25,2,500.88,15
25,1,52.13,15
25,1,50.7,16
25,1,170,16
25,1,484.57,22
25,13,218.1661538,25
25,1,597.42,25
25,1,787.95,25
25,1,128,37
26,1,54.49,0
26,1,110,0
26,2,54.49,0
26,2,706.3,0
26,1,52.22,1
26,1,664.83,1
26,1,55.73,1
26,1,111.2,1
26,1,77.14,1
26,1,51.57,1
26,1,3736.34,1
26,1,246.39,2
26,1,501.28,2
26,2,77.14,2
26,1,336.71,2
26,1,1357.63,2
26,2,23.22,2
26,1,112.2,2
26,1,23.54,2
26,1,284.91,3
26,3,108.05,3
26,1,108.05,3
26,1,23.26,4
26,1,78.98,5
26,1,329.52,5
26,1,661.46,6
26,2,52.78,7
26,2,18.03,7
26,1,78.98,7
26,1,170,7
26,3,35.91,7
26,1,410.49,9
26,3,916.39,9
26,1,262.98,10
26,2,595.85,10
26,1,52.13,10
26,1,52.78,11
26,2,179.575,11
26,3,157.45,13
26,1,52.84,18
26,1,585.97,18
26,2,52.84,36
27,1,54.49,0
27,1,462,0
27,1,77.92,1
27,1,78.98,1
27,1,296.58,1
27,1,51.57,1
27,1,785.96,1
27,1,794.76,1
27,1,460,1
27,1,78.98,1
27,1,51.6,1
27,1,23.22,2
27,1,273.12,2
27,2,726.69,2
27,1,921.79,2
27,1,476.74,2
27,1,566.82,2
27,1,598.91,3
27,1,107.32,3
27,2,220,4
27,1,51.57,4
27,1,51.57,4
27,1,180,5
27,1,308.88,5
27,2,52.84,5
27,1,241.94,6
27,1,328.75,7
27,2,163.485,7
27,1,85.95,9
27,4,23.22,10
27,1,197.42,10
27,1,876.49,11
27,1,232.66,12
27,2,246.29,16
27,2,346.72,17
27,2,118,21
27,2,73.57,23
27,1,138,24
27,1,52.78,24
27,3,81.22666667,26
27,3,188,34
27,2,52.84,41
28,4,52.84,0
28,1,76.93,0
28,2,885.02,0
28,1,54.49,0
28,1,660.61,0
28,1,23.54,1
28,1,78.07,1
28,1,824.93,1
28,1,841.21,1
28,1,378,1
28,1,108.78,1
28,1,368.27,1
28,1,476.74,1
28,1,1104.56,1
28,1,342.32,1
28,1,746.16,2
28,2,565.24,2
28,1,180,2
28,2,23.26,3
28,1,23.54,4
28,2,78.98,4
28,2,51.71,4
28,1,52.78,6
28,1,452.09,6
28,1,52.84,8
28,1,88.06,8
28,1,52.78,9
28,2,138,9
28,1,842.57,9
28,1,52.78,10
28,1,138,12
28,1,52.13,12
28,1,894.06,13
28,1,52.13,14
28,3,52.84,14
28,1,262.69,17
28,2,118,20
28,2,258.04,21
28,2,334.62,23
28,1,138,23
28,1,139.99,23
28,1,455.76,24
28,1,595.54,25
28,2,52.13,28
28,1,52.84,31
28,1,74.51,35
29,2,90.82,0
29,2,793.14,0
29,5,90.82,0
29,2,846.8,0
29,1,256.44,0
29,1,135,0
29,2,185,0
29,1,170,0
29,1,317.88,0
29,1,106.47,1
29,1,1262.61,1
29,1,360,1
29,1,78.07,1
29,1,147.34,1
29,1,77.14,1
29,1,275,1
29,1,51.57,1
29,1,108.42,1
29,1,2856.87,1
29,1,938.6,1
29,1,796.15,2
29,1,51.71,3
29,3,840.31,3
29,1,934.77,3
29,2,1023.48,3
29,2,55.73,4
29,3,23.22,4
29,1,78.07,4
29,1,73.57,5
29,1,308.83,6
29,1,246.48,6
29,3,35.91,8
29,2,51.6,9
29,2,159.96,10
29,3,279.04,10
29,2,52.13,10
29,1,23.54,11
29,3,43.13,11
29,1,168,11
29,1,128,12
29,1,383.7,13
29,4,52.13,15
29,11,52.78,19
29,1,241.94,19
29,1,128,22
29,1,128,22
29,1,52.84,23
30,2,946.56,0
30,1,52.84,0
30,3,973.9166667,0
30,1,145,0
30,1,310.38,1
30,1,339.75,1
30,1,1360.15,1
30,1,378,1
30,1,147,2
30,2,23.54,2
30,2,1557.13,2
30,1,285,2
30,2,55.73,3
30,2,23.54,3
30,1,149.06,3
30,2,51.57,3
30,3,105.79,3
30,1,23.22,3
30,2,51.71,3
30,1,52.78,5
30,1,235.83,5
30,1,1105.38,5
30,1,78.98,5
30,1,23.54,5
30,1,23.54,6
30,3,78.07,6
30,4,129.81,7
30,1,303.93,7
30,1,52.11,7
30,1,128,7
30,2,50.7,7
30,1,253.83,8
30,2,406.62,8
30,1,78.07,10
30,1,168,10
30,1,513.3,11
30,3,223.28,11
30,1,52.84,11
30,1,77.14,13
30,11,416.8390909,13
30,3,229.43,14
30,5,28.172,14
30,2,118,15
30,2,52.84,15
30,1,405.62,17
30,1,118,18
31,1,1155.07,0
31,1,125,0
31,1,54.49,0
31,1,246.39,1
31,1,841.88,1
31,1,23.22,1
31,1,1206.62,1
31,1,694.8,2
31,1,611.56,2
31,2,78.98,2
31,1,51.71,2
31,1,138,2
31,1,1161.69,3
31,3,108.05,3
31,1,1284.23,3
31,1,255.54,4
31,2,298.04,5
31,1,223,5
31,2,497.58,5
31,2,78.98,6
31,1,851.75,6
31,7,269.75,7
31,1,51.71,7
31,3,35.09,8
31,3,51.75,9
31,1,981.88,9
31,1,52.11,10
31,2,52.78,10
31,1,138,10
31,2,52.13,11
31,1,769.74,11
31,1,130,13
31,1,277.02,18
31,2,599.31,19
31,1,52.13,30
32,1,2385.93,0
32,1,52.84,0
32,1,2585.07,0
32,3,745.2666667,0
32,1,23.22,1
32,1,1363.23,1
32,1,178.87,1
32,1,23.54,1
32,1,109.32,1
32,1,363.71,1
32,1,765.04,1
32,1,170,1
32,1,1488.07,2
32,1,38.75,2
32,1,55.73,2
32,2,596.6,3
32,1,51.57,4
32,1,1114.14,4
32,1,223,4
32,1,73.57,5
32,1,52.11,5
32,1,118,5
32,1,23.54,5
32,1,874.47,5
32,1,52.22,6
32,2,378,6
32,1,1748.73,6
32,6,67.44,7
32,1,10.94,7
32,4,473.1025,8
32,1,52.13,8
32,1,115,9
32,4,52.13,9
32,1,262.69,9
32,1,180.6,10
32,3,323.12,10
32,2,52.13,13
32,2,74.51,18
32,2,35.91,19
32,2,138,21
32,2,52.78,22
32,1,267.56,22
32,2,10.94,26
32,2,339.97,34
33,3,403.38,0
33,1,52.78,0
33,1,868.62,0
33,1,90.82,0
33,1,771.68,0
33,1,1426.43,0
33,1,54.49,0
33,1,181.43,1
33,1,898.32,1
33,1,10.94,1
33,1,798.33,1
33,1,515.49,1
33,1,1196.29,1
33,1,149.06,1
33,1,1096.9,2
33,2,109.32,3
33,3,774.2433333,3
33,2,33.84,3
33,1,51.57,4
33,2,379.125,4
33,3,1095.61,4
33,2,921.09,5
33,3,723.53,5
33,1,118,6
33,1,637.69,7
33,1,460,7
33,5,323.12,7
33,3,482.14,7
33,5,1220.45,7
33,1,125,8
33,3,35.31666667,9
33,1,293.38,9
33,1,52.78,10
33,2,380.24,10
33,1,125,10
33,3,341.19,11
33,1,51.57,12
33,1,52.13,12
33,1,149.07,14
33,3,417.2433333,15
33,2,52.13,15
33,1,197.72,15
33,2,284.19,17
33,2,138,19
33,1,86.88,22
33,1,87.97,23
34,1,816.73,0
34,1,190,0
34,1,713.21,0
34,1,2489.95,1
34,1,596.17,1
34,1,23.26,1
34,1,256.84,1
34,1,826.41,1
34,1,51.71,1
34,1,700,1
34,1,502,1
34,1,51.57,2
34,1,220,2
34,2,178,2
34,1,1096.9,2
34,2,410,2
34,1,992.13,3
34,2,1169.47,3
34,4,23.26,4
34,2,23.26,4
34,1,52.12,5
34,1,23.54,5
34,1,51.57,5
34,1,353.98,5
34,1,997.12,5
34,1,52.13,5
34,1,51.57,6
34,1,85.95,6
34,3,218.06,6
34,1,157.47,6
34,3,232.66,7
34,5,772.422,8
34,1,54.86,8
34,1,1045.41,8
34,1,577.91,8
34,2,125,9
34,1,256.53,10
34,4,319.68,11
34,3,198.6366667,12
34,1,350.2,13
34,7,109.6771429,16
34,1,51.57,17
34,3,138,17
34,5,118,17
35,2,76.93,0
35,1,537.69,0
35,1,157.07,0
35,1,128.86,0
35,1,145,0
35,1,2095.11,0
35,4,1533.67,0
35,1,1010.52,1
35,1,682.73,1
35,1,110,1
35,1,77.92,1
35,1,78.07,1
35,1,147.14,1
35,1,1494.02,1
35,1,1481.27,1
35,1,109.63,2
35,1,170.62,2
35,2,23.54,2
35,2,108.05,2
35,1,51.6,2
35,1,51.71,2
35,1,1153.32,2
35,2,104.68,3
35,1,78.98,3
35,3,136.6566667,3
35,2,23.54,4
35,1,52.84,4
35,2,1342.99,5
35,1,138,5
35,2,52.78,5
35,3,731.8033333,6
35,5,42.056,6
35,1,119.15,7
35,1,52.84,7
35,8,147.14,8
35,7,52.84,9
35,4,183.99,10
35,1,55.73,11
35,1,52.13,11
35,1,52.84,11
35,1,753.45,16
35,2,51.75,16
35,1,52.78,16
35,5,117.756,17
35,1,235.83,24
35,18,73.57,26
35,1,142.66,32
36,2,52.84,0
36,1,111.18,0
36,1,713.21,0
36,1,371.95,0
36,2,1543.71,0
36,2,54.49,0
36,1,157.07,0
36,1,110,0
36,1,188.52,1
36,1,109.63,1
36,1,36.61,1
36,1,78.07,1
36,1,51.57,1
36,1,1557.11,1
36,1,703.96,1
36,1,264.67,1
36,1,1220.45,1
36,1,1883.55,1
36,2,23.54,2
36,1,23.26,3
36,3,156.9,3
36,3,421.3166667,3
36,1,638.97,4
36,4,719.23,4
36,3,23.54,4
36,2,23.26,4
36,1,50.7,5
36,4,51.57,6
36,1,836.7,6
36,1,159.23,6
36,1,621.37,8
36,1,10.94,9
36,1,180.6,10
36,2,583.7,11
36,1,230.32,13
36,1,344.45,17
36,2,52.13,21
37,1,494.62,0
37,1,78.98,1
37,1,271,1
37,1,583.16,1
37,1,52.84,1
37,1,23.54,1
37,1,1218.21,1
37,1,378,1
37,1,269.85,1
37,1,23.54,4
37,1,190,4
37,1,371.87,5
37,1,1215.54,5
37,1,23.22,5
37,2,256.84,5
37,2,23.26,5
37,2,1085.545,5
37,1,637.69,6
37,1,517.15,6
37,1,393.74,8
37,2,222.91,8
37,1,747.12,10
37,1,241.94,11
37,1,10.94,11
37,1,52.84,12
37,2,10.94,13
37,5,138,14
37,1,52.78,15
37,2,370.4,15
37,5,182.146,17
37,1,392.98,18
37,1,128,20
38,1,118.11,0
38,3,870.95,0
38,1,1507.54,0
38,3,49.96666667,0
38,1,399.45,0
38,1,424.42,0
38,1,277.55,1
38,1,843.32,1
38,1,886.39,1
38,1,200,1
38,1,1331.29,2
38,1,108.67,3
38,1,78.07,3
38,1,128,3
38,1,199.95,4
38,4,51.57,4
38,2,277.89,4
38,1,51.71,4
38,1,378,4
38,1,87.97,5
38,2,1071.98,5
38,1,303.25,5
38,1,638.49,6
38,2,35.09,6
38,1,23.22,6
38,2,62.04,7
38,1,128,8
38,1,118,9
38,1,51.57,9
38,1,52.84,10
38,1,10.94,11
38,9,61.31,11
38,1,419.96,13
38,1,116.1,13
38,1,74.51,31
39,7,2024.42,0
39,4,128.22,0
39,1,774.7,0
39,2,926.94,0
39,1,477.6,0
39,1,165,0
39,2,130,0
39,1,240,1
39,1,864.89,1
39,1,55.73,2
39,2,623.58,2
39,2,1403.4,2
39,1,55.73,2
39,1,340,2
39,2,23.26,2
39,2,94.98,2
39,1,52.22,3
39,2,919.41,3
39,1,378,3
39,1,1105.38,4
39,2,50.56,4
39,1,51.57,5
39,2,18.03,5
39,5,1130.22,6
39,1,456.17,6
39,2,546.08,6
39,1,864.3,7
39,1,298.47,8
39,7,52.78,11
39,2,401.3,12
39,3,186.3866667,18
39,1,128,19
40,4,52.84,0
40,1,627.14,0
40,2,638.55,0
40,1,1331.29,1
40,1,1116.33,1
40,1,78.98,1
40,1,522.16,1
40,1,344.45,2
40,1,23.26,2
40,1,23.26,3
40,2,339.87,3
40,2,320.99,4
40,1,777.84,4
40,1,52.78,5
40,6,338.8366667,6
40,6,85.95,7
40,4,277.02,7
40,1,405.32,8
40,2,23.22,8
40,2,357.895,8
40,2,146.88,8
40,1,52.78,9
40,8,216.1,11
40,1,116.1,12
40,1,710.07,12
40,7,123.7142857,18
40,1,590.3,21
40,1,583.7,30
41,1,53.43,0
41,1,403.58,1
41,1,1333.84,1
41,1,315.81,1
41,1,410,1
41,2,407.77,2
41,2,23.54,2
41,2,78.07,2
41,1,73.01,2
41,1,277.89,2
41,2,456.17,3
41,1,150.2,3
41,3,475,3
41,1,105,4
41,5,49.614,5
41,5,46.918,6
41,1,118,7
41,1,25.35,8
41,1,87.97,8
41,2,125,9
41,2,51.71,10
41,9,129.81,10
41,1,625.63,11
41,4,157.9,11
41,2,90.39,12
42,3,49.96666667,0
42,3,15.49,0
42,1,38.75,0
42,1,1245.96,0
42,1,125,0
42,1,200,0
42,1,938.76,0
42,1,381.99,0
42,3,120,0
42,1,342.43,0
42,1,108.53,1
42,1,882.87,1
42,2,23.22,2
42,2,1097.68,2
42,2,1087.55,2
42,2,275.58,2
42,1,345.42,3
42,2,758.85,3
42,3,340,3
42,3,1494.02,3
42,3,950.7533333,3
42,1,884.58,4
42,1,150,5
42,1,571.79,5
42,1,23.22,6
42,2,52.78,6
42,1,93.53,6
42,2,138,7
42,2,150.2,8
42,2,138,9
42,1,132.88,13
42,2,150.2,21
42,2,52.78,29
43,1,386.39,0
43,1,54.49,0
43,1,51.71,1
43,1,1377.13,1
43,1,623.77,1
43,2,180,2
43,1,292.45,2
43,2,23.54,2
43,2,200,2
43,1,52.13,3
43,1,77.14,4
43,2,1443.88,4
43,1,52.78,4
43,1,52.84,4
43,1,107.84,5
43,1,50.15,6
43,3,697.2466667,6
43,1,223,6
43,2,348.94,7
43,1,138,7
43,2,35.09,8
43,1,318.21,8
43,3,287.29,10
43,2,15.33,11
43,2,128,12
43,2,118,14
43,2,284.49,19
43,1,51.09,20
43,1,52.13,23
43,13,165.6623077,24
44,4,47.705,0
44,3,108.1633333,0
44,1,1298.74,0
44,1,345.42,1
44,1,108.36,1
44,1,120.2,1
44,1,78.98,1
44,1,78.07,1
44,1,196.69,1
44,1,1042.25,1
44,1,689,1
44,1,128,2
44,2,51.57,2
44,1,149.06,2
44,3,316.72,4
44,2,77.92,4
44,1,698.17,4
44,2,1007.28,5
44,2,179.06,5
44,4,45.275,5
44,3,97.66666667,5
44,4,77.14,7
44,1,520.13,7
44,1,51.6,8
44,4,72.57,8
44,1,420.1,9
44,4,96.44,9
44,6,198.8733333,10
44,1,52.13,11
44,1,51.57,12
44,1,93.53,12
44,1,392.98,12
44,1,262.69,12
44,2,51.57,13
44,2,183.47,13
44,1,52.78,20
45,1,52.78,0
45,1,23.31,0
45,1,1536.77,0
45,1,24.04,0
45,2,23.31,0
45,1,917.67,0
45,1,52.22,1
45,1,1662.6,1
45,1,2393.38,2
45,2,23,3
45,1,670.37,3
45,1,401.61,3
45,1,22.75,4
45,1,922.48,4
45,1,22.75,5
45,3,842.9566667,5
45,1,150,6
45,1,23.29,6
45,3,20.49333333,7
45,2,125,10
45,1,23.29,24
45,2,128,27
46,2,9.84,0
46,5,432.334,0
46,1,1824.52,0
46,1,339.87,0
46,1,827.75,0
46,2,696.39,0
46,3,847.4166667,0
46,3,166,0
46,1,1572.29,1
46,1,1373.47,1
46,1,73.01,1
46,1,1227.12,1
46,1,1704.04,1
46,2,55.73,2
46,2,1386.7,2
46,1,1076.67,3
46,2,22.75,3
46,1,52.12,3
46,3,77.14,3
46,1,180,4
46,4,67.535,4
46,6,23.29,5
46,3,731.5966667,5
46,2,516.02,6
46,2,23,6
46,2,22.99,7
46,1,23.29,7
46,1,157.9,7
46,1,23.29,7
46,1,506.97,8
46,1,22.75,10
46,1,22.75,11
46,1,344.62,11
46,2,214.5,11
46,2,22.75,14
46,1,52.13,29
47,1,343.44,0
47,1,803.4,0
47,1,108.78,0
47,1,152.3,0
47,1,1082.94,0
47,1,24.04,0
47,2,278.94,0
47,1,110,0
47,1,498.18,0
47,2,125,0
47,1,407.72,1
47,1,118,1
47,1,556.11,1
47,1,22.82,2
47,2,23.54,2
47,1,37.92,3
47,1,243.27,4
47,1,52.13,4
47,1,38.81,5
47,2,23,5
47,6,48.765,6
47,1,54.86,7
47,2,178,7
47,1,631.59,8
47,3,146.88,9
47,4,23.54,9
47,2,23.29,10
47,1,1625.58,22
48,2,188.24,0
48,2,23.31,0
48,1,791.04,0
48,1,195,0
48,3,344.22,0
48,1,24.04,0
48,1,22.82,1
48,1,947,2
48,2,901.25,3
48,1,1440.64,3
48,1,183.28,3
48,1,22.75,5
48,1,252.06,6
48,1,327.52,7
48,4,23.29,8
48,3,338.3166667,11
48,1,505.47,16
48,2,263.17,17
48,1,591.16,28
49,2,18.03,0
49,2,1489.935,0
49,6,24.04,0
49,5,992.736,0
49,1,38.75,0
49,1,195,0
49,1,1202.34,0
49,1,1840.59,1
49,1,684.89,1
49,1,537.45,1
49,1,1140.7,1
49,1,341,1
49,2,22.82,2
49,2,933.25,2
49,1,22.82,4
49,1,355.71,5
49,4,241.395,6
49,4,268.82,8
49,1,245.98,9
49,1,687.59,10
49,4,963.32,11
49,3,128,12
49,1,10.94,18
49,1,22.75,19
49,5,178.63,23
49,2,23.31,39
50,3,502.48,0
50,2,24.04,0
50,4,96.8625,0
50,2,1222.09,0
50,1,225.68,0
50,1,653.11,0
50,1,125,0
50,1,767.32,0
50,1,24.04,0
50,1,505.45,1
50,1,830.57,1
50,1,23.54,1
50,4,505.45,4
50,2,77.515,4
50,1,22.99,5
50,1,87.97,5
50,1,118,5
50,2,529.84,5
50,2,400.69,6
50,1,249.4,6
50,4,559.38,7
50,3,306.4433333,9
50,1,22.75,9
50,6,76.49,11
50,4,78.07,13
50,6,129.81,16
51,2,128,0
51,2,175.24,0
51,1,55.73,1
51,1,1099.09,1
51,1,1453.82,1
51,2,22.99,2
51,2,1101.31,2
51,2,23.54,2
51,2,52.83,2
51,1,22.99,2
51,2,159,2
51,3,298.15,3
51,1,637.69,4
51,2,23.54,5
51,1,125,5
51,1,277.02,5
51,2,157.45,6
51,1,244.92,6
51,2,23.29,6
51,1,23.29,8
51,2,313.09,10
51,2,129.81,12
51,3,177.77,21
52,1,52.84,0
52,1,1440.66,0
52,2,152.3,0
52,1,24.04,0
52,2,24.04,0
52,2,88.06,0
52,1,24.04,0
52,1,378,1
52,1,672.96,1
52,1,810.16,1
52,1,699.88,1
52,1,953.99,2
52,2,1003.04,3
52,1,522.21,3
52,2,401.3,4
52,1,378.19,4
52,1,380.37,5
52,2,140,5
52,1,38.81,5
52,1,157.9,6
52,1,51.6,6
52,4,1263.01,7
52,2,353.25,8
52,1,23,8
52,2,22.75,9
52,2,718.85,10
52,1,22.75,11
52,1,22.75,14
52,2,619.465,17
52,2,23.29,18
52,2,51.6,21
52,2,1298.12,37
53,1,734.77,0
53,1,988.8,0
53,2,135,0
53,1,495.07,1
53,1,125.21,1
53,1,116.1,1
53,1,23.26,1
53,1,1494.02,1
53,1,381.23,1
53,1,277.02,1
53,1,592.61,2
53,3,22.82,3
53,1,750.8,3
53,3,74.11,3
53,1,651.25,3
53,1,23,3
53,3,22.97666667,4
53,2,44.41,4
53,2,23.29,4
53,2,464.56,4
53,3,177.77,5
53,3,22.82,5
53,1,55.73,5
53,3,380.31,7
53,1,22.82,8
53,6,23.29,8
53,1,23.29,9
53,1,22.75,11
53,1,214.65,11
53,5,70.294,12
53,2,22.75,13
53,3,22.75,18
53,4,128,21
53,3,181.94,21
53,2,22.75,25
54,1,264.67,0
54,1,672.69,0
54,1,1160.99,0
54,1,23.31,0
54,1,789.8,0
54,2,821.69,0
54,1,682.91,0
54,1,1476.94,1
54,1,108.05,1
54,1,1272.32,1
54,1,23.29,1
54,3,22.82,3
54,2,1620.96,3
54,1,462.39,3
54,2,308.36,4
54,2,68.99,5
54,4,116.1,5
54,2,138,5
54,1,808.38,6
54,1,283.07,6
54,1,526.83,7
54,3,539.1,8
54,4,199.345,8
54,1,579.56,9
54,1,23.29,9
54,3,23.29,10
54,8,214.65,10
54,2,54.17,14
54,2,23.29,15
54,10,128,17
54,2,185.01,18
55,1,29.63,0
55,1,115,0
55,1,641.83,0
55,5,672.69,0
55,1,698.17,0
55,1,625.84,0
55,1,23.54,1
55,1,105,1
55,1,614.44,1
55,1,22.75,1
55,2,2656.76,2
55,2,762.39,2
55,1,22.82,3
55,1,120,4
55,2,23.54,4
55,1,228.51,4
55,1,22.75,5
55,1,544.49,5
55,1,10.94,7
55,2,118,7
55,2,507.9,7
55,2,738.01,8
55,2,10.94,10
55,2,539.1,15
55,2,10.94,15
55,19,138.96,19
55,2,498.42,22
56,1,24.04,0
56,1,1817.87,0
56,1,1237.85,0
56,1,180,0
56,1,688.69,1
56,3,55.73,3
56,2,55.73,3
56,1,215,3
56,1,22.75,4
56,1,23.29,4
56,2,118,5
56,5,23.26,6
56,4,512.91,8
56,2,10.94,8
56,5,257.198,10
56,4,294.2675,11
56,1,23,11
56,2,22.75,14
56,1,185.01,27
57,2,23.31,0
57,1,24.04,0
57,1,308.88,0
57,2,196.44,0
57,1,1784.35,0
57,1,180,0
57,1,78.07,1
57,1,23.54,1
57,2,844.07,2
57,1,78.07,2
57,2,223.56,2
57,1,227.68,2
57,3,22.82,3
57,2,996.52,3
57,1,738.61,3
57,2,241.35,4
57,5,70.294,5
57,2,18.76,5
57,2,22.82,6
57,2,260.65,6
57,3,97.66666667,9
57,3,22.75,11
57,2,22.75,11
57,1,235.83,11
57,3,22.75,15
58,2,23,0
58,2,23.31,0
58,4,1248.16,0
58,1,24.04,0
58,1,24.04,0
58,2,710.52,0
58,2,1245.45,0
58,3,1359.36,0
58,1,1603.77,0
58,1,1270.06,0
58,1,831.43,1
58,1,23.22,1
58,1,250.69,1
58,1,23.26,1
58,2,78.47,2
58,1,23.54,3
58,1,821.54,3
58,2,51.6,4
58,1,612.29,4
58,1,118,4
58,1,23.29,4
58,3,146.88,6
58,1,23.29,7
58,2,102,8
58,5,110,9
58,2,723.81,26
59,2,23.31,0
59,3,24.04,0
59,4,12.18,0
59,1,192.02,0
59,1,54.86,1
59,1,246.34,1
59,2,179.73,2
59,2,268.82,2
59,3,241.94,3
59,1,1412.05,3
59,3,130.3333333,6
59,1,23.29,6
59,2,23.54,30
59,2,52.13,35
60,1,277.89,0
60,1,791.04,0
60,3,23.31,0
60,1,699.84,1
60,2,426.97,2
60,2,23.54,2
60,3,22.99,3
60,2,520.94,3
60,2,73.095,4
60,2,23.29,4
60,1,23.29,6
60,3,794.27,7
60,1,22.75,9
60,1,38.81,9
60,1,23,10
60,6,118,16
60,9,23.54,28
61,2,35.47,0
61,1,23.31,0
61,1,876.18,0
61,6,148.52,0
61,1,51.57,1
61,1,489.82,1
61,1,180,1
61,1,348.43,2
61,2,229.13,2
61,2,37.92,3
61,1,22.99,4
61,1,22.75,4
61,3,90.52666667,4
61,1,439.27,6
61,3,804.48,6
61,1,23,7
61,2,486.79,7
61,1,635.59,9
61,1,22.75,10
61,2,22.75,12
61,5,202.242,16
61,19,23.54,19
62,2,236.57,0
62,1,74.6,0
62,1,798.27,0
62,1,24.04,0
62,1,757.96,0
62,2,23.31,0
62,3,97.66666667,0
62,1,38.75,0
62,1,24.04,0
62,1,1417.42,1
62,1,640.56,1
62,1,235.83,1
62,2,22.82,2
62,2,54.86,4
62,1,1415.04,4
62,1,742.94,4
62,2,691.75,5
62,1,22.75,7
62,1,52.78,7
62,2,78.98,9
62,2,162.04,10
62,1,23,10
62,2,181.94,19
62,1,22.75,23
62,11,52.13,33
63,2,38.85,0
63,2,51.8,0
63,1,23.31,0
63,1,23.31,0
63,10,23,0
63,2,400.08,0
63,1,23.31,0
63,1,603.29,0
63,2,23.31,0
63,2,125,0
63,1,51.8,0
63,2,24.04,0
63,1,790.65,1
63,2,796.79,2
63,1,125,2
63,1,22.75,3
63,2,906.29,3
63,1,506.97,3
63,1,55.73,4
63,2,195.58,4
63,3,245.98,5
63,2,706.1,5
63,2,263.17,7
63,1,22.75,8
63,1,411.91,8
63,6,149.2033333,9
63,3,118,10
63,2,23.29,13
64,3,923.6,0
64,1,24.04,0
64,4,221.82,0
64,1,1261.94,0
64,1,706.26,0
64,1,178.81,1
64,2,22.82,2
64,1,378.19,3
64,4,625.4,4
64,1,485.21,4
64,1,598.79,5
64,4,660.625,5
64,1,128,5
64,1,38.33,6
64,1,22.75,7
64,2,23.29,10
64,1,138,11
64,13,583.7,15
64,3,23.29,17
64,1,23.29,26
65,1,110,0
65,1,23.31,0
65,3,1052.726667,0
65,1,791.04,0
65,2,1400.37,0
65,1,645.82,1
65,1,996.52,1
65,1,108,1
65,1,918.94,1
65,2,268.32,2
65,2,1118.27,2
65,2,302.58,4
65,4,438.51,4
65,1,620.11,5
65,4,516.005,5
65,4,434.625,14
65,1,869.71,15
65,1,407.66,17
66,3,47.80333333,0
66,1,23.31,0
66,2,109.95,0
66,2,807.55,0
66,1,877.05,0
66,1,10.94,1
66,1,345.42,1
66,1,23.26,1
66,1,2298.99,1
66,1,52.11,1
66,1,22.99,2
66,1,23.29,2
66,2,719.44,2
66,1,1150.51,3
66,3,688.4866667,3
66,1,401.61,3
66,1,118,4
66,3,664.4333333,4
66,1,177.79,4
66,2,22.82,5
66,4,10.94,8
66,6,23.26,19
66,4,22.75,22
67,2,23.31,0
67,2,24.04,0
67,1,653.66,0
67,2,1343.605,0
67,1,128,0
67,1,138,0
67,1,2336.28,0
67,1,23.31,0
67,1,1055.05,1
67,1,105,1
67,1,1575.12,1
67,2,23.29,3
67,1,273.95,4
67,3,968,6
67,1,262.69,6
67,5,144.518,7
67,2,22.75,18
68,4,18.03,0
68,1,657.43,0
68,1,561.97,0
68,1,78.98,1
68,1,22.75,2
68,2,905.68,2
68,1,54.86,3
68,1,23.29,3
68,1,501.88,3
68,1,458.39,3
68,1,22.75,3
68,2,22.75,4
68,1,230.32,4
68,5,72.57,6
68,2,23.29,8
68,4,22.75,16
68,2,583.42,17
69,1,322.29,0
69,1,23.31,0
69,4,54.92,0
69,7,487.8157143,0
69,3,342.43,0
69,2,103.5,0
69,2,147.94,0
69,1,753,0
69,1,23.31,0
69,1,23.31,0
69,1,2157.98,1
69,1,351.11,1
69,1,1277.54,1
69,2,55.73,2
69,2,23.29,2
69,2,54.86,2
69,2,810.38,2
69,4,54.86,4
69,1,54.86,5
69,1,617.17,5
69,3,22.82,8
69,1,23,8
69,1,157.47,25
70,2,480.26,0
70,2,24.04,0
70,2,118,0
70,2,23,0
70,1,118,0
70,1,2995.18,1
70,1,23.22,1
70,1,1289.72,1
70,2,243.39,2
70,1,54.86,2
70,1,118,2
70,2,23.29,2
70,3,1133.33,3
70,3,22.99,3
70,2,652.67,4
70,1,23.26,7
70,3,22.75,13
70,1,1096.95,15
71,5,504.45,0
71,4,24.04,0
71,2,410,0
71,1,24.04,0
71,1,546.78,0
71,1,345.42,1
71,1,114.28,1
71,1,23.26,1
71,2,584.35,2
71,1,1178.72,3
71,2,485.21,3
71,2,1521.24,6
71,1,227.68,6
71,4,845.8875,14
71,1,23.29,24
72,3,23.31,0
72,1,638.97,0
72,1,982.58,0
72,1,1121.14,0
72,1,78.07,1
72,1,273.29,1
72,1,692.58,2
72,1,617.54,2
72,1,106.81,2
72,3,78.07,3
72,1,401.61,3
72,2,310.01,4
72,1,2119.33,4
72,2,28.77,5
72,4,22.82,5
72,1,678.16,5
72,3,951.5466667,7
72,6,1096.95,10
72,8,282.635,12
72,2,1473.19,16
72,2,23.29,23
73,1,23,0
73,1,170,0
73,1,138,0
73,1,432.03,0
73,4,130,0
73,2,2275.51,0
73,2,665.87,0
73,1,1951.79,1
73,1,38.33,1
73,1,54.86,1
73,1,22.99,1
73,2,790.65,2
73,1,23.54,3
73,1,118,7
73,2,23.26,12
73,1,369.81,21
74,2,235.83,0
74,4,249.3,0
74,1,868.61,0
74,1,23.31,0
74,1,23.31,0
74,2,23.31,0
74,2,24.04,0
74,4,112.19,0
74,1,226.89,0
74,4,1008.92,0
74,1,786.36,1
74,1,548.08,3
74,1,1014.79,4
74,1,583.42,4
74,2,512.64,6
74,2,227.68,7
74,2,442.59,7
74,1,51.6,8
74,2,23.29,15
74,4,23.29,20
75,1,23,0
75,1,186.49,0
75,1,327.52,0
75,1,1002.41,0
75,3,140,0
75,2,19.715,0
75,1,24.04,0
75,1,791,1
75,1,1162.77,1
75,1,630.4,1
75,1,477.1,1
75,1,405.37,1
75,2,298.47,2
75,3,23.22,3
75,4,17.89,3
75,3,54.86,3
75,3,483.84,3
75,2,22.75,4
75,1,227.68,4
75,3,125,5
75,1,23.26,7
75,2,23.29,16
76,2,307.92,0
76,2,23,0
76,1,751.65,0
76,1,23,0
76,1,23,0
76,1,452.09,0
76,1,62.77,0
76,2,752.365,2
76,1,55.73,2
76,3,23.54,3
76,2,702.575,3
76,2,22.99,4
76,2,345.42,4
76,2,162.215,6
76,1,353.61,8
76,1,857.28,18
77,1,941.39,0
77,1,524.07,0
77,2,359,0
77,3,63.34666667,0
77,1,23.31,0
77,2,1299.13,0
77,2,125,0
77,1,192.6,1
77,1,23.26,1
77,1,514.26,1
77,2,107.5,2
77,1,22.82,3
77,3,118,4
77,3,849.75,4
77,2,69,5
77,4,23.26,6
77,1,451.59,6
78,1,337.97,0
78,5,640.194,0
78,5,23.31,0
78,1,1326.88,0
78,1,106.19,0
78,1,1026.84,0
78,1,380.36,1
78,1,52.22,1
78,1,23.29,1
78,1,1377.84,1
78,1,569.3,1
78,3,23.29,3
78,2,1095.4,3
78,2,199.04,4
78,2,22.82,7
78,3,181.52,8
78,10,23.26,10
79,1,24.04,0
79,1,1054.97,0
79,1,23.31,0
79,1,613.06,0
79,1,24.04,0
79,1,547.96,1
79,2,23.54,2
79,1,138,2
79,1,746.23,3
79,4,23.26,4
79,2,44.41,8
79,2,310.01,10
79,5,359.65,16
80,4,631.68,0
80,1,23.31,0
80,2,888.4,0
80,2,23.31,0
80,1,836.18,0
80,3,124.6666667,0
80,1,575.77,0
80,1,118,0
80,2,24.04,0
80,2,24.04,0
80,2,476.92,0
80,1,566.1,1
80,1,157.9,1
80,1,23.26,1
80,1,22.99,1
80,1,37.92,1
80,1,325.77,2
80,2,92.13,2
80,1,10.94,2
80,2,50.56,2
80,2,361.9,4
80,2,797.22,8
80,3,22.82,12
80,2,10.94,22
81,1,76.93,0
81,1,23,0
81,2,23.31,0
81,1,858.41,1
81,1,1813.94,1
81,2,23.54,2
81,1,23,2
81,1,125,2
81,1,37.92,3
81,1,10.94,3
81,2,55.67,4
81,1,22.82,4
81,1,524.14,5
81,2,5.11,20
82,2,364.1,0
82,1,76.93,0
82,2,24.04,0
82,4,132,0
82,1,1324.16,0
82,1,859.66,0
82,4,405.175,0
82,1,2453.91,1
82,1,775.05,1
82,1,10.94,1
82,1,54.86,1
82,1,2028.11,1
82,1,37.92,2
82,2,806.01,3
82,1,23.29,3
82,1,10.94,5
82,1,51.6,7
82,1,812.91,7
82,2,272.42,9
83,4,1101.655,0
83,1,23.31,0
83,2,23.31,0
83,1,76.93,0
83,1,1282.33,0
83,2,254.23,0
83,1,605.25,0
83,1,291.45,0
83,1,2157.98,1
83,1,1076.32,1
83,2,23.26,2
83,2,1172.675,4
83,4,118,6
83,1,105,8
83,1,138,12
83,3,23.29,14
84,1,23,0
84,1,666.07,0
84,1,23.31,0
84,3,1083.66,0
84,3,76.93,0
84,1,2180.71,0
84,4,1082.55,0
84,5,129.488,0
84,2,1004.13,0
84,1,476.92,0
84,1,417.54,1
84,1,22.75,2
84,1,859.74,3
84,1,22.82,6
84,2,312.07,6
85,2,162.04,0
85,2,455.86,0
85,1,112.47,0
85,1,401.3,2
85,4,177.07,4
85,4,22.82,7
86,1,615.39,0
86,2,23.31,0
86,3,415.93,0
86,1,23.31,0
86,1,1193.65,0
86,1,2149.7,1
86,1,22.75,2
86,3,641.7933333,3
86,1,259.63,4
86,2,22.82,6
86,3,22.75,6
86,2,22.75,7
86,1,22.99,9
87,1,52.11,0
87,1,106.19,0
87,9,23,0
87,2,419.85,0
87,1,545,0
87,1,23.31,0
87,1,598.8,0
87,1,254.23,0
87,2,509.51,0
87,1,1338.68,0
87,2,630.32,0
87,1,881.81,0
87,1,24.04,0
87,1,291.45,0
87,2,23.26,2
87,2,214.56,5
87,2,532.37,8
87,4,273.29,9
87,1,277.39,11
87,1,22.82,12
87,1,841.21,18
87,2,704.34,20
88,2,76.93,0
88,1,254.23,0
88,1,54.49,0
88,1,23,0
88,1,709.88,0
88,2,23.31,0
88,3,856.39,0
88,2,631.31,0
88,1,24.04,0
88,1,568.72,1
88,1,1432.44,1
88,1,1583.87,1
88,2,23.22,2
88,2,142.06,2
88,1,306.55,3
88,4,430.16,5
88,7,487.82,13
89,2,122.66,0
89,2,23.31,0
89,1,1424.56,0
89,1,76.93,0
89,2,76.93,0
89,5,173.74,0
89,7,23.31,0
89,1,76.93,0
89,3,1059.55,0
89,3,476.92,0
89,1,55.73,1
89,1,1457.37,1
89,1,1032.9,2
89,1,579.58,6
89,2,752.69,8
89,1,657.46,10
89,1,232.66,11
90,3,396.08,0
90,1,23.31,0
90,1,76.93,0
90,2,125,0
90,4,707.32,0
90,1,529.51,0
90,1,1019.93,1
90,1,23.26,1
90,1,54.86,2
90,2,1067.03,2
90,3,55.73,3
90,3,177.45,4
90,2,366.85,5
90,1,446.4,5
90,2,23.54,5
90,2,641.17,5
90,9,22.82,8
90,1,361.97,9
91,1,2245.64,0
91,1,929.54,0
91,1,501.29,0
91,1,76.93,0
91,1,107.32,0
91,1,1233.45,0
91,2,476.92,0
91,1,22.82,2
91,2,23.26,4
91,2,230.32,4
91,1,317.16,6
91,4,753.1875,11
92,1,1339,0
92,2,199.54,0
92,2,125,0
92,1,401.61,0
92,1,1283.92,0
92,1,1852.84,0
92,1,472.28,0
92,1,836.18,0
92,1,607.76,0
92,1,1011.64,1
92,2,22.75,2
92,2,23.22,2
92,2,1095.29,2
92,2,1370.55,3
92,2,22.82,7
93,1,23.29,0
93,1,150.25,0
93,1,344.45,0
93,2,3806.85,0
93,4,45.64,0
93,1,52.84,0
93,4,750.35,0
93,1,2266.46,0
93,1,836.61,1
93,2,907.04,1
93,1,1267.12,1
93,2,820.43,2
93,2,22.75,2
93,1,910.47,2
93,2,275.58,4
93,1,22.99,7
93,1,22.75,8
93,6,22.75,14
94,5,54.16,0
94,1,23,0
94,10,46.456,0
94,3,710.3366667,0
94,2,706.26,0
94,1,22.99,1
94,1,22.82,1
94,1,1072.88,1
94,2,621.54,2
94,2,22.82,2
94,2,22.82,2
94,1,461.72,4
94,1,115,10
95,1,463.83,0
95,2,1357.22,0
95,1,1310.93,0
95,2,54.49,0
95,3,131,0
95,1,1121.14,0
95,1,254.23,0
95,1,415,1
95,1,752.27,1
95,1,446.56,1
95,2,345.24,2
95,2,376.86,2
95,1,570.68,2
95,1,781.59,2
95,1,1062.43,2
95,1,381.16,3
95,1,22.82,3
95,2,620.11,3
95,2,812.385,4
95,1,312.18,6
96,2,698.59,0
96,3,412.43,0
96,1,1127.93,0
96,6,2002.236667,0
96,1,591.11,0
96,1,935.56,0
96,1,553.73,0
96,2,970.02,0
96,2,253.83,0
96,1,410,0
96,2,23.31,0
96,1,994.3,1
96,1,22.82,1
96,1,1232.63,1
96,2,520.97,4
96,4,23.22,4
97,4,332.2,0
97,1,412.18,0
97,1,826.12,0
97,1,910.87,0
97,1,1026.84,0
97,1,744.23,0
97,1,310,1
97,2,404.68,3
97,1,177.79,5
97,3,105,8
97,2,125,9
97,7,23.54,13
97,1,903.62,17
98,2,305.62,0
98,2,52.84,0
98,1,360.35,0
98,5,668.35,0
98,3,23.31,0
98,1,887.63,1
98,1,953.72,1
98,1,719.44,1
98,1,496.12,1
98,1,699.24,1
98,1,524.14,1
98,2,694.82,2
98,2,520.97,5
98,8,1002.55,10
98,3,841.21,16
98,1,22.82,18
99,1,1060.38,0
99,1,23.31,0
99,3,43.13666667,0
99,1,170,0
99,5,129.81,0
99,1,984.93,0
99,1,38.75,0
99,1,78.07,1
99,2,685.52,2
99,2,313.93,2
99,2,1004.25,3
99,1,23.26,5
99,4,926.01,13
100,2,1283.9,0
100,3,93.53,0
100,1,23,0
100,3,23.31,0
100,1,1264.96,0
100,1,397.69,1
100,1,51.6,1
100,1,501.88,1
100,2,1220.51,2
100,2,819.075,3
100,2,430.16,4
100,2,446.4,7
100,7,859.43,9
100,1,636.25,13
101,4,830.49,0
101,1,150.25,0
101,1,23,0
101,3,499.6666667,0
101,2,23.31,0
101,1,339.32,0
101,1,23.29,0
101,1,726.2,0
101,2,23.31,0
101,1,291.45,0
101,1,23.26,1
101,2,904.98,2
101,1,280.61,3
101,1,485.48,3
101,3,23.26,6
102,2,1822.22,0
102,3,23.31,0
102,2,232.66,0
102,3,108,0
102,1,626.73,0
102,1,739.52,0
102,1,78.07,1
102,2,78.07,2
102,1,930.51,3
102,2,22.75,4
102,6,22.75,6
102,2,815.85,6
103,1,150.25,0
103,2,35.47,0
103,1,23.31,0
103,2,23.31,0
103,3,20.51333333,0
103,3,524.07,0
103,1,249.66,0
103,1,800.16,0
103,1,23,0
103,2,1590.63,0
103,1,52.84,0
103,1,653.11,0
103,1,23.26,3
103,2,86.85,4
103,14,23.54,15
104,7,10.94,0
104,1,883.13,0
104,1,412.18,0
104,1,412.18,0
104,4,23.31,0
104,3,339.32,0
104,1,547.28,1
104,4,604.32,7
104,4,429.01,10
104,1,230.32,11
105,1,1804.53,0
105,4,10.94,0
105,1,1135.89,0
105,1,125,0
105,2,322.71,0
105,1,339.32,0
105,5,197.68,0
105,1,1162.48,1
105,2,740.495,3
105,1,475.96,4
105,2,258.46,6
105,2,22.75,14
106,1,660.79,0
106,1,1804.53,0
106,5,673.508,0
106,4,74.6,0
106,1,564.65,0
106,2,463.83,0
106,1,55.73,1
106,1,78.07,1
106,1,417.52,3
106,3,125,5
106,6,189.9,7
107,1,2290.59,0
107,7,23.31,0
107,2,125,0
107,2,24.04,0
107,1,125,0
107,1,10.94,0
107,2,10.94,0
107,1,622.72,0
107,16,790.22,0
107,1,229.83,0
107,1,716.93,0
107,1,412.18,0
107,1,336.49,0
107,1,412.18,0
107,1,485.13,1
107,2,22.82,2
108,6,25.35,0
108,3,23,0
108,4,23.31,0
108,2,1004.1,0
108,4,10.94,0
108,1,138,0
108,1,864.3,0
108,3,264.67,0
108,1,55.67,1
108,2,80.34,2
108,2,301.83,2
108,1,709.85,4
108,6,306.55,8
108,6,763.51,11
109,3,23.29,0
109,3,264.67,0
109,6,36.17666667,0
109,1,561.97,0
109,1,463.83,0
109,1,558.06,1
109,1,404.75,1
109,2,487.82,2
109,2,54.86,2
109,3,1055.91,3
109,3,834.06,5
109,1,22.82,10
109,17,325.0629412,17
110,1,23,0
110,1,200,0
110,1,344.45,0
110,1,23.31,0
110,1,425.92,0
110,1,412.18,0
110,1,23.29,0
110,1,23,0
110,1,291.45,0
110,2,864.37,0
110,1,758.4,3
110,4,61.31,4
110,2,757.8,6
110,12,22.99,15
111,1,23.29,0
111,2,842.24,0
111,3,35.47,0
111,2,31.03,0
111,1,763.42,0
111,1,23.31,0
111,2,326.965,0
111,1,1435.52,1
111,1,628.6,1
111,1,834.29,1
111,1,306.55,3
111,1,245.54,9
112,5,638.12,0
112,1,52.84,0
112,1,392.98,0
112,1,382.15,1
113,1,23,0
113,1,463.83,0
113,3,23.31,0
113,1,412.18,0
113,3,506.7866667,0
113,1,718.22,1
113,2,2796.1,2
113,2,852.46,2
113,1,446.4,2
113,3,1124.67,3
113,1,612.99,3
113,1,626.36,5
113,1,551.53,6
113,1,758.22,6
114,15,146.8466667,0
114,4,23,0
114,3,1302.033333,0
114,3,522.5033333,0
114,1,778.59,2
114,1,22.99,3
114,3,115,5
115,2,919.49,0
115,1,1435.41,0
115,3,52.84,0
115,1,1230.99,1
115,1,710.88,1
115,2,417.52,2
115,2,230.32,2
115,1,856.12,3
115,3,38.77,3
115,4,419.06,4
115,1,293.11,4
115,2,306.55,4
115,2,436.31,5
115,6,50.01,6
116,4,9.84,0
116,1,1951.79,0
116,1,1383.24,0
116,2,23.31,0
116,1,770.12,0
116,1,110,1
116,1,51.6,1
116,1,641.17,1
116,2,55.67,2
116,1,1364.23,2
116,2,334.26,3
116,3,393.81,3
116,1,396.69,5
117,2,633.86,0
117,1,23,0
117,1,38.33,0
117,1,23.31,0
117,3,567.2033333,0
117,1,588.51,0
117,5,483.76,0
117,13,39.21076923,0
117,1,801.68,0
117,1,555.84,0
117,1,545,0
117,2,2410.35,0
117,2,451.01,0
117,1,552.86,0
117,1,477.6,0
117,1,337.97,1
117,1,55.73,1
117,4,54.86,4
117,1,23.54,4
117,1,411.91,6
117,3,896.6133333,6
117,2,757.05,17
118,4,1182.395,0
118,2,23,0
118,1,23.31,0
118,1,947.6,0
118,1,73.57,1
118,1,343.82,1
118,1,1453.13,1
118,2,1114.08,2
118,2,1368.54,2
118,1,94.82,5
118,1,772.5,15
119,1,23,0
119,2,23,0
119,1,23.31,0
119,1,23,0
119,3,52.84,0
119,2,222.75,0
119,2,417.685,0
119,1,660.61,0
119,1,128.23,1
119,1,417.52,3
119,1,492.65,3
120,3,152,0
120,2,570.76,0
120,1,1229.6,0
120,1,23.31,0
120,1,659.36,0
120,1,1273.86,0
120,4,23.31,0
120,4,417.685,0
120,1,405.62,1
120,1,675.72,1
120,2,266.58,2
121,7,758.94,0
121,1,23.31,0
121,1,1171.64,1
121,1,446.4,1
121,2,55.73,2
121,2,106.49,2
121,1,258.46,2
121,3,23.22,3
121,1,2145.72,3
121,5,678.318,5
121,2,1453.13,6
122,1,23,0
122,2,146.88,0
122,1,23,0
122,1,497.58,0
122,1,965.05,0
122,1,10.94,0
122,1,1378.92,0
122,1,23.31,0
122,1,754.53,0
122,1,337.99,1
122,1,23.26,2
122,1,797.22,2
122,1,23.54,3
123,1,279.43,0
123,1,150,0
123,2,173.74,0
123,1,1217.09,0
123,1,877.05,0
123,1,118,0
123,1,1163,1
123,1,23.54,1
123,2,216.1,2
123,2,51.6,2
123,1,22.99,2
124,2,35.47,0
124,2,23,0
124,1,310.24,0
124,2,1377.095,0
124,1,337.99,1
124,4,1239.5,6
125,1,52.13,0
125,1,115,0
125,1,634.29,0
125,2,1155.255,2
125,6,23.22,6
126,2,545,0
126,1,1080.28,0
126,5,132,0
126,2,1124.82,0
126,5,203.1,0
126,1,128,0
126,1,2741.37,1
126,1,128,5
127,1,10.94,0
127,3,300.8066667,0
127,4,115,0
127,1,1371.75,0
127,1,254.23,0
127,6,24.04,0
128,1,280.61,0
128,4,704.1125,0
128,1,1591.69,0
128,5,117.2,0
128,1,517.38,1
128,1,379.79,1
128,1,22.99,1
128,2,1023.01,2
128,1,238.52,2
128,1,50.88,6
128,1,54.86,7
129,1,701.49,0
129,4,445.65,0
129,4,710.57,0
129,3,310.24,0
129,1,156.44,0
129,1,699.32,0
129,1,54.86,1
129,1,470.92,1
129,1,125,10
130,1,10.94,0
130,1,23.26,1
130,1,493.78,1
130,1,726.15,1
130,3,363.8833333,3
131,2,9.84,0
131,2,18.03,0
131,2,24.04,0
131,1,567.5,1
131,2,23.54,2
131,1,417.52,4
131,3,70,5
132,1,637.69,0
132,1,923.85,0
132,1,105,0
132,2,229.725,0
132,5,203.1,0
132,1,555.84,0
132,1,23.31,0
132,2,476.92,0
132,1,413.34,1
132,2,23.54,2
132,1,734.13,3
132,3,662.47,5
133,3,20.49333333,0
133,1,10.94,0
133,2,900.95,0
133,2,195.42,0
133,1,23,0
133,2,456.92,0
133,1,861.98,0
133,1,225.8,1
133,1,776.76,1
133,1,2165.22,1
133,7,121.7142857,9
134,4,38.81,0
134,2,395.57,0
134,1,848.41,0
134,1,396.69,1
134,3,1345.33,3
135,2,31.02,0
135,2,22.75,0
135,4,23.29,0
135,2,230.32,0
135,1,787.64,0
135,1,180,0
135,1,343.83,1
135,1,540.95,1
135,1,543.78,2
135,2,794.97,2
135,5,54.86,5
135,1,105,8
136,3,101.16,0
136,3,10.94,0
136,1,23,0
136,1,954.39,0
136,1,1025.69,0
136,1,78.98,1
136,1,584.14,1
136,1,38.03,2
136,2,561.19,4
137,1,881.6,0
137,4,341.89,0
137,1,310.24,0
137,2,254.23,0
137,1,230.32,0
137,1,786.36,0
137,1,52.13,0
137,2,22.82,3
138,2,623.8,0
138,2,130,0
138,1,1147.87,1
138,1,1079.28,3
139,1,842.57,0
139,1,105,0
139,5,23,0
139,1,23.31,0
139,1,70,2
139,1,901.43,3
139,2,232.54,10
140,2,146.88,0
140,2,24.04,0
140,3,24.04,0
140,1,24.04,0
140,1,1020.5,1
140,1,362.68,1
140,2,50.01,2
140,2,216.29,2
140,4,641.62,4
140,4,950.135,4
140,2,51.7,7
141,4,395.965,0
141,2,803.9,0
141,1,505.96,0
141,2,254.23,0
141,1,78.07,5
142,2,761.03,0
142,2,158.08,0
142,10,465.07,0
142,1,555.84,0
142,1,634.29,0
142,2,199.54,0
142,3,108.75,3
143,1,1005.18,0
143,1,603.48,0
143,4,495,0
143,4,605.45,0
143,2,487.82,2
144,7,833.6942857,0
144,1,38.75,0
144,2,979.06,0
144,1,73.59,0
144,1,23,0
144,1,585.97,0
144,2,750.56,2
144,2,650.13,2
144,2,22.99,6
145,2,390.46,0
145,4,10.94,0
145,3,1339,0
145,2,548.77,0
145,2,834.51,0
145,1,1777.37,1
145,3,23.54,3
145,3,77.14,3
145,4,342.8,5
146,2,22.75,0
146,2,513.88,0
146,1,23,0
146,1,400.08,0
146,1,462.33,1
146,1,624.02,3
147,4,10.94,0
147,1,23,0
147,2,22.75,0
147,6,166.61,0
147,3,199.49,0
147,1,178,0
147,1,351.64,0
147,1,379.79,1
147,2,78.98,2
147,1,411.91,3
147,1,725.86,5
148,1,180,0
148,2,167.32,0
148,2,908.63,0
148,1,342.8,1
148,1,1364.23,1
148,2,54.86,2
148,1,624.02,2
148,2,626.16,4
148,1,326.09,5
149,1,10.94,0
149,1,128,0
149,1,762.01,0
149,1,434.16,0
149,1,38.77,3
150,2,243.27,0
150,1,486.65,0
150,2,1065.75,0
150,2,23.31,0
150,1,198.64,1
151,1,168,0
151,3,551.35,0
151,2,410,0
151,1,1174.8,0
151,3,446.35,0
151,1,374.85,0
151,1,410.9,0
151,3,239.18,0
151,1,36.61,1
151,1,50.01,1
151,2,554.37,2
151,1,54.86,3
151,4,217.55,6
152,1,138,0
152,1,548.77,0
152,2,851.89,0
152,2,270.71,0
152,1,181.11,0
152,1,620.11,0
152,3,10.94,0
152,1,539.62,0
152,1,462.39,0
152,2,239.18,0
152,1,191.67,0
152,1,759.34,1
152,1,1344.15,1
152,1,396.69,3
153,5,23.29,0
153,1,419.85,0
153,1,52.78,0
153,2,10.94,0
153,5,239.18,0
153,1,1227.12,1
153,2,530.94,4
154,4,22.75,0
154,1,551.04,0
154,2,1046.24,0
154,1,906.29,0
154,2,23,0
154,1,277.02,0
154,1,362.51,1
154,1,794.97,1
154,2,575.07,2
154,3,1589.4,3
154,4,1768.85,4
154,4,391.31,8
155,1,834.37,0
155,2,821.405,0
155,1,118,0
155,4,128,0
155,1,555.84,0
155,3,318.21,0
155,5,246.44,5
156,2,419.08,0
156,2,336.14,0
156,1,321.97,0
156,1,1128.47,1
157,2,118,0
157,1,564.38,0
157,2,23.31,0
158,1,1091.83,0
158,1,607.76,0
158,2,22.82,2
158,2,2399.37,2
159,4,1115.81,0
159,1,694.82,0
159,1,513.88,0
159,5,505.96,0
159,2,238.27,0
159,1,840.91,1
159,1,380.65,1
160,2,427.78,0
160,2,118,0
160,4,147.09,0
160,1,475.62,0
160,2,10.94,0
160,1,555.84,0
160,1,1014.66,0
160,1,486.84,4
161,3,23.29,0
161,2,412.18,0
161,1,674.6,0
161,1,10.94,0
161,1,756.83,0
161,7,690.34,0
161,1,941.37,2
161,2,1415.22,2
161,3,1180.316667,3
161,2,662.18,12
162,1,508.52,0
162,2,763.42,2
163,1,23.29,0
163,2,518.13,0
163,1,327.77,0
163,4,52.78,0
163,1,118,0
163,1,277.02,0
163,1,54.86,1
163,3,638.22,3
163,2,52.83,3
164,2,118,0
164,1,177.55,0
164,2,1066.99,0
164,1,578.67,1
164,1,738.39,1
164,2,901.48,2
164,2,284.65,5
165,4,146.88,0
165,1,235.83,0
165,1,675.88,0
165,1,130,0
165,1,1096.95,1
165,2,429.89,2
165,4,51.11,4
166,1,128,0
166,1,167.32,0
166,1,1948.52,0
166,2,1693.2,0
166,3,23,0
166,8,317.69125,0
166,2,477.6,0
166,1,865.29,1
166,2,236.31,2
166,2,73.12,2
167,1,10.94,0
167,2,277.02,0
167,1,809.13,0
167,4,786.08,0
167,1,2009.91,1
168,1,23.29,0
168,3,108.78,0
168,1,1065.75,0
168,1,52.78,0
168,2,1060.42,0
168,1,706.26,0
168,2,130.675,2
168,2,454.48,2
168,2,1642.35,3
168,1,177.12,9
169,4,23.29,0
169,11,328.88,0
169,4,211.0225,0
169,1,739.52,0
169,1,552.57,0
169,1,513.88,0
169,1,279.04,0
169,1,2017,1
170,2,402.27,0
170,1,180,0
170,1,167.53,0
170,8,81.7,8
171,2,1065.75,0
171,1,924.3,0
171,1,541.31,0
171,1,357.53,0
171,2,128,9
172,1,833.78,0
172,1,118,0
172,1,539.62,0
172,1,1506.02,0
172,1,125,0
172,2,304.21,2
172,2,54.86,7
173,1,1006.2,0
173,3,357.99,0
173,1,659.75,1
173,3,403.79,3
173,3,243.6733333,3
173,3,382.9866667,3
173,1,330.77,3
174,4,847.1625,0
174,3,626.1733333,0
174,5,390.35,0
174,5,254.23,0
174,1,597.79,1
174,1,52.83,1
174,1,22.99,2
174,5,49.372,5
175,2,1277.64,0
175,2,1205.7,0
175,2,23.29,0
175,2,730.32,0
175,3,132.75,3
176,1,1507.37,0
176,2,231.04,0
176,2,293.38,0
176,1,368.9,1
176,2,247.4,2
176,1,815.85,3
176,2,55.67,6
177,1,23.29,0
177,2,392.98,0
177,1,401.61,0
177,2,221.42,0
178,1,50.7,0
178,2,23.29,0
178,3,88.38333333,0
178,1,522.84,1
178,6,284.14,6
179,1,898.95,0
179,1,22.75,0
179,1,637.13,0
179,2,615.2,0
179,2,69.145,0
179,1,776.2,0
179,1,1400,1
179,2,106.51,2
179,1,78.98,4
180,1,53.49,1
180,2,36.61,2
181,1,23.29,0
181,1,410.45,0
181,1,410.9,0
181,2,212.39,0
181,1,382.71,1
181,4,479.53,4
182,2,22.75,0
182,5,23.29,0
182,1,296.77,0
182,1,791.57,1
182,1,78.07,7
183,3,740.91,0
183,1,524.8,0
183,2,359.65,0
183,1,700,1
183,1,23.54,1
183,2,20.92,2
184,1,23.29,0
184,1,105,0
184,1,585.67,0
184,1,812.86,1
184,1,340.74,1
184,2,339.64,4
184,1,1003.19,8
185,3,627.96,0
185,6,23.29,0
185,1,273.29,0
185,1,435.82,0
185,1,307.77,1
185,1,776.35,2
185,3,138,4
186,10,623.31,0
186,2,651.28,0
186,1,128,0
186,3,277.02,0
186,3,288.22,0
186,1,388.37,1
186,1,1003.19,2
186,5,132.75,8
187,2,113,0
187,3,146.88,0
187,1,592.92,0
187,1,235.83,0
187,4,129.81,0
187,3,552.86,0
187,2,852.46,2
188,1,105,0
188,2,133.69,2
188,1,615.2,2
188,1,51.7,3
188,4,182.96,6
189,3,146.88,0
189,1,277.02,0
189,1,277.02,0
189,1,78.04,1
189,1,556.48,1
189,3,20.92,2
189,2,22.99,2
190,2,277.02,0
190,2,481.89,0
190,1,254.23,0
190,1,1905.34,0
190,1,978.79,1
190,1,615.2,1
190,2,20.92,2
190,1,797.26,2
191,2,195.58,0
191,1,456.17,0
191,1,254.23,0
191,2,1396.4,2
191,2,192.9,2
191,1,382.71,4
192,2,38.03,0
192,5,22.75,0
192,2,243.27,0
192,1,277.02,0
192,2,412.18,0
192,1,184.79,1
192,3,611.08,5
193,1,308.36,0
193,1,51.57,0
193,3,400.08,0
193,1,685.48,1
194,4,22.82,0
194,2,933.57,0
194,13,129.81,0
194,1,398.03,1
194,1,1978.81,1
194,3,1226.48,3
194,1,731.63,4
195,2,232.66,0
195,1,405.37,0
195,2,147.09,0
195,2,132.79,2
195,2,23.26,2
195,2,1801.62,2
195,1,255.66,3
196,1,22.75,0
196,5,10.94,0
196,1,477.99,0
196,2,64,0
196,1,288.22,0
196,4,311.48,4
196,6,45.84333333,6
196,6,132.75,9
196,1,825.87,10
196,2,701.87,10
197,1,368.33,0
197,1,580.84,0
197,4,22.75,0
197,2,22.75,0
197,1,319.93,0
197,1,540.95,1
197,2,290.81,2
198,4,22.75,0
198,1,127.26,0
198,2,842.57,0
198,5,632.224,0
198,2,266.27,0
198,4,502.765,0
198,2,1284.7,0
198,1,743.36,0
198,1,23.22,1
198,1,834.88,1
198,1,567.93,2
198,4,302.47,4
198,1,273.34,7
199,2,118,0
199,1,38.81,0
199,2,479.49,0
199,1,24.04,0
199,2,50.01,2
199,2,510.1,2
199,1,2136.21,3
199,6,273.34,6
199,2,422.75,6
200,2,22.99,0
200,1,329.55,0
200,1,545.55,0
200,1,105,0
200,6,592.57,6
201,4,542.15,0
201,2,509.03,0
201,1,707.37,0
201,4,101.05,4
202,1,22.75,0
202,2,798.29,0
202,3,301.75,4
202,1,87.03,10
203,2,22.75,0
203,1,22.75,0
203,2,182.96,2
204,1,87.03,1
204,3,203.88,3
204,4,50.01,4
205,3,177.55,0
205,2,398.37,0
205,1,278.37,0
205,1,382.06,1
205,2,847.53,2
205,1,409.75,2
205,4,132.75,4
205,11,597.0290909,14
206,2,70,0
206,1,463.83,0
206,1,2136.41,2
207,1,106.17,0
207,2,122.66,0
207,3,54.5,0
207,2,652.74,0
207,1,2136.41,1
207,2,1122.87,2
207,5,118.42,5
207,1,162.04,12
208,4,730.32,0
208,1,905.68,0
208,5,22.75,0
208,1,118,0
208,2,70.5,0
208,2,230.32,0
208,1,576.73,0
208,1,1016.48,1
209,1,138,0
210,1,22.75,0
210,3,366.1,0
210,4,138,0
210,1,152.93,1
210,1,933.58,8
211,13,22.82,0
211,1,634.93,0
211,2,477.67,0
211,1,723.68,1
211,1,933.58,7
212,1,22.75,0
212,1,410.9,0
212,6,81.02,7
213,1,1573.01,0
213,2,365.81,2
213,2,273.66,2
214,1,451.59,0
214,1,391.57,0
214,2,673.43,0
214,1,933.58,6
215,3,319.16,0
215,1,361.97,0
215,3,153.6933333,0
215,2,115,0
215,1,391.57,0
215,1,542.66,1
216,2,146.88,0
216,1,856.12,0
216,2,806.15,2
216,3,563.94,3
216,4,307.97,8
217,1,61.31,0
217,1,22.75,0
217,2,351.62,0
217,1,241.51,0
217,2,132.23,4
217,1,933.58,5
218,2,22.75,0
218,2,300.72,0
218,2,620.44,0
218,1,1634.96,0
218,1,78.98,1
218,2,55.65,2
218,2,110.74,2
218,3,727.03,3
218,9,142.06,9
219,2,844.29,0
219,6,274.0933333,0
219,2,22.82,0
219,1,397.82,0
219,2,790.65,2
219,2,132.75,2
219,2,489.21,4
219,5,1219.788,5
219,4,132.75,11
220,1,454.45,0
220,1,22.82,0
220,1,230.32,0
220,1,70,0
220,3,513.5266667,0
220,2,22.82,0
220,1,351.01,0
220,1,933.58,4
220,4,132.75,7
220,1,320.24,12
221,4,255.02,0
221,1,230.32,0
221,2,421.63,0
221,1,345.42,2
221,2,826.68,2
221,1,54.86,2
221,3,132.75,3
221,1,933.58,3
221,4,1145.68,4
222,2,1342.99,0
222,1,391.57,0
222,2,1448.94,2
222,2,526.6,2
223,2,194.21,0
223,2,166.61,0
223,1,1600.57,1
223,2,302.42,4
224,6,126.23,0
224,1,865.2,0
224,2,214.14,0
224,4,166.61,0
224,1,128,0
224,3,51.03,3
224,4,249.99,4
225,3,442.59,0
225,1,417.54,0
225,2,1206.35,0
225,4,401.61,0
225,2,1502.42,2
225,3,142.06,4
226,1,327.52,0
226,2,442.08,0
226,1,138,0
227,4,442.08,0
227,3,203.3,0
227,3,267.34,0
227,2,424.59,0
227,8,442.59,0
227,2,509.03,0
227,1,362.51,2
228,1,2261.54,0
228,1,200.15,0
228,3,442.08,0
228,3,52.13,0
228,7,397.0257143,0
228,1,345.42,1
228,1,328.75,1
229,2,398.94,0
229,1,200.15,0
229,10,408.855,0
229,2,410.9,0
229,1,396.59,0
229,1,382.71,1
230,4,390.725,0
230,2,20.92,2
230,2,252.42,4
231,1,200.15,0
231,5,185.01,0
231,4,442.59,0
231,2,531.115,2
232,2,18.71,0
232,2,243.27,0
233,1,160.42,0
233,1,247.56,0
233,1,200.15,0
233,3,365.55,0
233,8,418.06,0
233,1,125,0
233,1,633.73,0
233,1,158.38,1
233,1,415.24,1
233,1,322.12,2
233,2,81.7,4
233,7,70,7
234,1,60,0
234,4,469.115,0
234,4,513.88,0
234,1,731.4,1
234,1,883.78,1
234,2,81.7,2
234,3,60,5
234,2,323.13,11
235,2,541.73,0
235,2,543.77,2
235,5,323.13,9
236,2,127.08,0
236,1,39.5,0
236,3,23,0
236,2,794.06,0
236,1,1133.01,1
236,4,1020.555,4
237,2,350.59,0
237,2,382.71,2
238,1,132.75,1
239,6,46.85,6
240,3,94.82,0
240,3,654.3033333,0
240,2,230.32,0
241,4,54.285,0
241,2,140.62,0
241,4,934.245,0
241,2,889.92,0
242,2,22.82,0
242,2,24.04,0
242,2,390.35,0
242,25,264.3232,0
242,1,547.28,1
242,1,317.49,1
242,1,277.68,2
242,4,288.345,4
243,4,38.32,0
243,3,300.72,0
243,1,319.01,0
243,2,74.51,0
243,3,128,0
243,1,1485.83,0
243,3,161.5966667,0
243,1,115,0
243,2,418.06,0
243,1,80,1
243,2,345.42,3
243,1,263.8,3
244,7,135.5985714,0
244,1,620.11,0
244,2,412.18,0
244,1,277.68,1
244,2,132.75,2
244,4,218.74,4
245,3,135,0
245,1,377.21,4
246,1,62.04,0
246,4,38.77,0
246,1,22.82,0
246,1,345.42,1
247,2,668.84,0
248,4,203.88,0
248,4,436.085,0
248,3,56.87,0
248,2,810.13,0
248,1,591.47,0
248,1,390.35,0
248,2,379.79,2
248,3,731.8033333,3
249,6,56.87,0
249,5,105.092,0
249,1,38.32,0
249,2,469.84,0
249,1,22.99,0
249,1,390.35,0
249,1,141.01,1
249,2,1470.72,2
250,2,31.42,0
250,3,146.88,0
250,2,390.35,0
251,4,354.31,0
251,2,146.88,0
251,4,1077.59,0
251,1,1238.95,0
251,2,110.88,0
251,1,326.27,1
251,2,132.23,2
252,1,344.68,0
252,1,275.58,0
252,2,230.32,0
253,1,623.7,0
255,2,140.62,0
255,4,38.77,0
255,2,55.65,0
255,2,583.61,0
255,2,60,0
255,1,2242.04,0
256,1,816.92,1
257,6,597.2566667,0
257,4,455.85,0
257,1,260.99,1
258,1,167.32,0
258,1,390.3,0
258,2,55.65,0
258,1,740.68,1
258,1,339.39,3
259,1,23.54,0
259,2,340.38,2
260,2,89,0
260,6,147.19,0
260,1,227.68,0
260,1,192.96,1
261,2,204.82,0
261,3,23.31,0
261,1,110,0
262,2,520.66,2
263,1,115,0
263,4,349.105,0
263,2,400.08,0
264,2,129.81,0
264,1,543.75,1
265,6,80,0
265,1,1013.25,0
265,1,415.31,3
266,2,115,0
266,18,150.1266667,0
266,1,105,0
266,3,731.8033333,3
266,9,839.76,9
267,4,72.5,0
267,2,803.4,0
267,2,406.33,0
267,1,307.27,1
267,1,465.92,1
267,2,1002.9,2
268,2,326.09,0
268,5,497.31,0
268,1,381.19,1
268,1,1089.78,2
269,4,146.88,0
269,1,360.6,0
270,3,164.24,0
270,1,743.47,0
270,1,83,0
270,4,23,0
271,2,1217.8,0
271,3,23,0
272,4,584.03,0
272,2,928.83,2
273,1,132.75,0
273,3,63.33333333,0
273,1,657.43,0
274,2,326.27,0
274,4,23.31,0
274,1,24.04,0
274,2,307.57,2
275,2,424.42,0
275,3,60,0
275,2,380,0
275,2,408.135,0
275,1,308.36,0
275,2,810.16,2
276,4,300.12,0
276,2,182.96,0
276,6,60,0
276,1,2208.39,0
276,3,716.31,0
276,2,510.52,2
277,2,60,0
277,3,70,0
277,2,70,0
278,1,80,0
278,3,22.99,0
278,1,83,0
278,1,590.3,0
279,2,60,0
279,2,110,0
279,1,23.26,0
280,3,302,0
280,1,412.18,0
281,9,522.2844444,0
281,5,39.23,0
281,1,78.98,0
281,1,946.39,1
283,2,1283.25,0
284,3,60,0
284,1,615.2,0
284,3,80,0
284,1,515.49,0
284,3,46.85,3
285,4,54.92,0
285,1,70,0
286,2,409.75,0
286,3,130,0
286,5,438.01,0
287,1,62.77,0
288,3,403.77,3
289,1,70,0
289,1,23.31,0
289,4,141.12,0
289,2,85.26,0
290,3,47.66666667,0
290,1,130,0
291,2,680.14,0
291,1,1600.95,0
291,3,690.26,0
291,2,403.77,2
292,2,615.2,0
292,9,718.85,0
293,7,137.2328571,0
293,1,138,0
293,1,412.18,0
294,4,132.75,0
294,1,90,0
294,3,90,0
295,8,56.22375,0
295,1,62.77,0
296,5,132.75,0
296,1,292.16,0
296,4,138,0
297,4,132.75,0
297,3,791.94,0
298,6,137.0166667,0
298,3,96.41333333,0
298,3,60,0
299,4,148.44,0
299,2,73.12,0
299,1,1370.39,0
299,1,80,0
299,3,539.62,0
299,1,1373.84,1
300,1,648.1,0
301,6,132.75,0
301,2,90,0
301,2,50.6,2
302,4,127.25,0
303,4,70,0
303,2,354.28,0
303,1,539.62,0
304,4,133.69,0
304,2,385.98,2
305,12,131.89,0
305,3,133.69,0
305,3,786.93,0
305,2,595.46,0
306,2,340.57,0
307,4,39.23,0
307,11,169.1836364,0
307,3,146.88,0
307,1,110.74,0
307,1,60,0
307,1,60,0
307,2,525.52,0
307,2,539.62,0
307,2,794.825,0
308,5,85.2,0
308,1,1687.22,0
308,2,462.39,0
309,2,709.76,0
309,1,410.9,0
310,1,90,0
310,1,410.9,0
310,2,22.695,2
311,1,463.52,0
311,1,286.64,0
311,5,181.11,0
311,1,410.9,0
311,4,270.9,3
313,4,567.25,0
314,2,786.82,0
314,11,336.35,0
314,1,167.32,0
315,1,23.22,0
315,1,127.26,0
316,3,86,0
316,2,591.11,0
316,2,308.63,2
317,9,181.94,0
317,2,448.6,2
318,1,39.23,0
318,2,352.61,0
318,1,1097.66,0
319,2,840.5,2
319,3,284.14,2
320,1,60,0
321,2,244.5,0
321,2,70,0
321,1,1034.15,0
322,1,132.75,0
323,1,60,0
323,2,60,0
323,2,152.13,0
324,1,424.42,0
325,2,572.95,0
326,6,132.75,0
327,2,132.75,0
327,2,763.42,0
327,2,70,0
328,6,132.75,0
329,2,880.65,2
330,2,323.76,0
331,6,124.485,0
331,1,409.75,0
332,8,133.69,0
332,2,132.75,0
333,15,132.01,0
334,3,23,0
335,3,494.3266667,0
336,1,70,0
341,1,766.93,0
342,1,1126.62,0
343,8,583.78625,0
349,3,370.5066667,0
351,1,457.49,0
352,3,325.77,0
352,3,779.28,0
352,2,409.75,0
352,2,1126.95,0
352,1,633.72,0
352,3,1041.51,3
353,3,299.0766667,0
353,1,382.71,0
354,6,94.68,0
354,1,893.15,1
